date,price,symbol
2017-01-02,8179.5,NIFTY 50
2017-01-03,8192.25,NIFTY 50
2017-01-04,8190.5,NIFTY 50
2017-01-05,8273.8,NIFTY 50
2017-01-06,8243.8,NIFTY 50
2017-01-09,8236.05,NIFTY 50
2017-01-10,8288.6,NIFTY 50
2017-01-11,8380.65,NIFTY 50
2017-01-12,8407.2,NIFTY 50
2017-01-13,8400.35,NIFTY 50
2017-01-16,8412.8,NIFTY 50
2017-01-17,8398,NIFTY 50
2017-01-18,8417,NIFTY 50
2017-01-19,8435.1,NIFTY 50
2017-01-20,8349.35,NIFTY 50
2017-01-23,8391.5,NIFTY 50
2017-01-24,8475.8,NIFTY 50
2017-01-25,8602.75,NIFTY 50
2017-01-27,8641.25,NIFTY 50
2017-01-30,8632.75,NIFTY 50
2017-01-31,8561.3,NIFTY 50
2017-02-01,8716.4,NIFTY 50
2017-02-02,8734.25,NIFTY 50
2017-02-03,8740.95,NIFTY 50
2017-02-06,8801.05,NIFTY 50
2017-02-07,8768.3,NIFTY 50
2017-02-08,8769.05,NIFTY 50
2017-02-09,8778.4,NIFTY 50
2017-02-10,8793.55,NIFTY 50
2017-02-13,8805.05,NIFTY 50
2017-02-14,8792.3,NIFTY 50
2017-02-15,8724.7,NIFTY 50
2017-02-16,8778,NIFTY 50
2017-02-17,8821.7,NIFTY 50
2017-02-20,8879.2,NIFTY 50
2017-02-21,8907.85,NIFTY 50
2017-02-22,8926.9,NIFTY 50
2017-02-23,8939.5,NIFTY 50
2017-02-27,8896.7,NIFTY 50
2017-02-28,8879.6,NIFTY 50
2017-03-01,8945.8,NIFTY 50
2017-03-02,8899.75,NIFTY 50
2017-03-03,8897.55,NIFTY 50
2017-03-06,8963.45,NIFTY 50
2017-03-07,8946.9,NIFTY 50
2017-03-08,8924.3,NIFTY 50
2017-03-09,8927,NIFTY 50
2017-03-10,8934.55,NIFTY 50
2017-03-14,9087,NIFTY 50
2017-03-15,9084.8,NIFTY 50
2017-03-16,9153.7,NIFTY 50
2017-03-17,9160.05,NIFTY 50
2017-03-20,9126.85,NIFTY 50
2017-03-21,9121.5,NIFTY 50
2017-03-22,9030.45,NIFTY 50
2017-03-23,9086.3,NIFTY 50
2017-03-24,9108,NIFTY 50
2017-03-27,9045.2,NIFTY 50
2017-03-28,9100.8,NIFTY 50
2017-03-29,9143.8,NIFTY 50
2017-03-30,9173.75,NIFTY 50
2017-03-31,9173.75,NIFTY 50
2017-04-03,9237.85,NIFTY 50
2017-04-05,9265.15,NIFTY 50
2017-04-06,9261.95,NIFTY 50
2017-04-07,9198.3,NIFTY 50
2017-04-10,9181.45,NIFTY 50
2017-04-11,9237,NIFTY 50
2017-04-12,9203.45,NIFTY 50
2017-04-13,9150.8,NIFTY 50
2017-04-17,9139.3,NIFTY 50
2017-04-18,9105.15,NIFTY 50
2017-04-19,9103.5,NIFTY 50
2017-04-20,9136.4,NIFTY 50
2017-04-21,9119.4,NIFTY 50
2017-04-24,9217.95,NIFTY 50
2017-04-25,9306.6,NIFTY 50
2017-04-26,9351.85,NIFTY 50
2017-04-27,9342.15,NIFTY 50
2017-04-28,9304.05,NIFTY 50
2017-05-02,9313.8,NIFTY 50
2017-05-03,9311.95,NIFTY 50
2017-05-04,9359.9,NIFTY 50
2017-05-05,9285.3,NIFTY 50
2017-05-08,9314.05,NIFTY 50
2017-05-09,9316.85,NIFTY 50
2017-05-10,9407.3,NIFTY 50
2017-05-11,9422.4,NIFTY 50
2017-05-12,9400.9,NIFTY 50
2017-05-15,9445.4,NIFTY 50
2017-05-16,9512.25,NIFTY 50
2017-05-17,9525.75,NIFTY 50
2017-05-18,9429.45,NIFTY 50
2017-05-19,9427.9,NIFTY 50
2017-05-22,9438.25,NIFTY 50
2017-05-23,9386.15,NIFTY 50
2017-05-24,9360.55,NIFTY 50
2017-05-25,9509.75,NIFTY 50
2017-05-26,9595.1,NIFTY 50
2017-05-29,9604.9,NIFTY 50
2017-05-30,9624.55,NIFTY 50
2017-05-31,9621.25,NIFTY 50
2017-06-01,9616.1,NIFTY 50
2017-06-02,9653.5,NIFTY 50
2017-06-05,9675.1,NIFTY 50
2017-06-06,9637.15,NIFTY 50
2017-06-07,9663.9,NIFTY 50
2017-06-08,9647.25,NIFTY 50
2017-06-09,9668.25,NIFTY 50
2017-06-12,9616.4,NIFTY 50
2017-06-13,9606.9,NIFTY 50
2017-06-14,9618.15,NIFTY 50
2017-06-15,9578.05,NIFTY 50
2017-06-16,9588.05,NIFTY 50
2017-06-19,9657.55,NIFTY 50
2017-06-20,9653.5,NIFTY 50
2017-06-21,9633.6,NIFTY 50
2017-06-22,9630,NIFTY 50
2017-06-23,9574.95,NIFTY 50
2017-06-27,9511.4,NIFTY 50
2017-06-28,9491.25,NIFTY 50
2017-06-29,9504.1,NIFTY 50
2017-06-30,9520.9,NIFTY 50
2017-07-03,9615,NIFTY 50
2017-07-04,9613.3,NIFTY 50
2017-07-05,9637.6,NIFTY 50
2017-07-06,9674.55,NIFTY 50
2017-07-07,9665.8,NIFTY 50
2017-07-10,9771.05,NIFTY 50
2017-07-11,9786.05,NIFTY 50
2017-07-12,9816.1,NIFTY 50
2017-07-13,9891.7,NIFTY 50
2017-07-14,9886.35,NIFTY 50
2017-07-17,9915.95,NIFTY 50
2017-07-18,9827.15,NIFTY 50
2017-07-19,9899.6,NIFTY 50
2017-07-20,9873.3,NIFTY 50
2017-07-21,9915.25,NIFTY 50
2017-07-24,9966.4,NIFTY 50
2017-07-25,9964.55,NIFTY 50
2017-07-26,10020.65,NIFTY 50
2017-07-27,10020.55,NIFTY 50
2017-07-28,10014.5,NIFTY 50
2017-07-31,10077.1,NIFTY 50
2017-08-01,10114.65,NIFTY 50
2017-08-02,10081.5,NIFTY 50
2017-08-03,10013.65,NIFTY 50
2017-08-04,10066.4,NIFTY 50
2017-08-07,10057.4,NIFTY 50
2017-08-08,9978.55,NIFTY 50
2017-08-09,9908.05,NIFTY 50
2017-08-10,9820.25,NIFTY 50
2017-08-11,9710.8,NIFTY 50
2017-08-14,9794.15,NIFTY 50
2017-08-16,9897.3,NIFTY 50
2017-08-17,9904.15,NIFTY 50
2017-08-18,9837.4,NIFTY 50
2017-08-21,9754.35,NIFTY 50
2017-08-22,9765.55,NIFTY 50
2017-08-23,9852.5,NIFTY 50
2017-08-24,9857.05,NIFTY 50
2017-08-28,9912.8,NIFTY 50
2017-08-29,9796.05,NIFTY 50
2017-08-30,9884.4,NIFTY 50
2017-08-31,9917.9,NIFTY 50
2017-09-01,9974.4,NIFTY 50
2017-09-04,9912.85,NIFTY 50
2017-09-05,9952.2,NIFTY 50
2017-09-06,9916.2,NIFTY 50
2017-09-07,9929.9,NIFTY 50
2017-09-08,9934.8,NIFTY 50
2017-09-11,10006.05,NIFTY 50
2017-09-12,10093.05,NIFTY 50
2017-09-13,10079.3,NIFTY 50
2017-09-14,10086.6,NIFTY 50
2017-09-15,10085.4,NIFTY 50
2017-09-18,10153.1,NIFTY 50
2017-09-19,10147.55,NIFTY 50
2017-09-20,10141.15,NIFTY 50
2017-09-21,10121.9,NIFTY 50
2017-09-22,9964.4,NIFTY 50
2017-09-25,9872.6,NIFTY 50
2017-09-26,9871.5,NIFTY 50
2017-09-27,9735.75,NIFTY 50
2017-09-28,9768.95,NIFTY 50
2017-09-29,9788.6,NIFTY 50
2017-10-03,9859.5,NIFTY 50
2017-10-04,9914.9,NIFTY 50
2017-10-05,9888.7,NIFTY 50
2017-10-06,9979.7,NIFTY 50
2017-10-09,9988.75,NIFTY 50
2017-10-10,10016.95,NIFTY 50
2017-10-11,9984.8,NIFTY 50
2017-10-12,10096.4,NIFTY 50
2017-10-13,10167.45,NIFTY 50
2017-10-16,10230.85,NIFTY 50
2017-10-17,10234.45,NIFTY 50
2017-10-18,10210.85,NIFTY 50
2017-10-19,10146.55,NIFTY 50
2017-10-23,10184.85,NIFTY 50
2017-10-24,10207.7,NIFTY 50
2017-10-25,10295.35,NIFTY 50
2017-10-26,10343.8,NIFTY 50
2017-10-27,10323.05,NIFTY 50
2017-10-30,10363.65,NIFTY 50
2017-10-31,10335.3,NIFTY 50
2017-11-01,10440.5,NIFTY 50
2017-11-02,10423.8,NIFTY 50
2017-11-03,10452.5,NIFTY 50
2017-11-06,10451.8,NIFTY 50
2017-11-07,10350.15,NIFTY 50
2017-11-08,10303.15,NIFTY 50
2017-11-09,10308.95,NIFTY 50
2017-11-10,10321.75,NIFTY 50
2017-11-13,10224.95,NIFTY 50
2017-11-14,10186.6,NIFTY 50
2017-11-15,10118.05,NIFTY 50
2017-11-16,10214.75,NIFTY 50
2017-11-17,10283.6,NIFTY 50
2017-11-20,10298.75,NIFTY 50
2017-11-21,10326.9,NIFTY 50
2017-11-22,10342.3,NIFTY 50
2017-11-23,10348.75,NIFTY 50
2017-11-24,10389.7,NIFTY 50
2017-11-27,10399.55,NIFTY 50
2017-11-28,10370.25,NIFTY 50
2017-11-29,10361.3,NIFTY 50
2017-11-30,10226.55,NIFTY 50
2017-12-01,10121.8,NIFTY 50
2017-12-04,10127.75,NIFTY 50
2017-12-05,10118.25,NIFTY 50
2017-12-06,10044.1,NIFTY 50
2017-12-07,10166.7,NIFTY 50
2017-12-08,10265.65,NIFTY 50
2017-12-11,10322.25,NIFTY 50
2017-12-12,10240.15,NIFTY 50
2017-12-13,10192.95,NIFTY 50
2017-12-14,10252.1,NIFTY 50
2017-12-15,10333.25,NIFTY 50
2017-12-18,10388.75,NIFTY 50
2017-12-19,10463.2,NIFTY 50
2017-12-20,10444.2,NIFTY 50
2017-12-21,10440.3,NIFTY 50
2017-12-22,10493,NIFTY 50
2017-12-26,10531.5,NIFTY 50
2017-12-27,10490.75,NIFTY 50
2017-12-28,10477.9,NIFTY 50
2017-12-29,10530.7,NIFTY 50
2018-01-01,10435.55,NIFTY 50
2018-01-02,10442.2,NIFTY 50
2018-01-03,10443.2,NIFTY 50
2018-01-04,10504.8,NIFTY 50
2018-01-05,10558.85,NIFTY 50
2018-01-08,10623.6,NIFTY 50
2018-01-09,10637,NIFTY 50
2018-01-10,10632.2,NIFTY 50
2018-01-11,10651.2,NIFTY 50
2018-01-12,10681.25,NIFTY 50
2018-01-15,10741.55,NIFTY 50
2018-01-16,10700.45,NIFTY 50
2018-01-17,10788.55,NIFTY 50
2018-01-18,10817,NIFTY 50
2018-01-19,10894.7,NIFTY 50
2018-01-22,10966.2,NIFTY 50
2018-01-23,11083.7,NIFTY 50
2018-01-24,11086,NIFTY 50
2018-01-25,11069.65,NIFTY 50
2018-01-29,11130.4,NIFTY 50
2018-01-30,11049.65,NIFTY 50
2018-01-31,11027.7,NIFTY 50
2018-02-01,11016.9,NIFTY 50
2018-02-02,10760.6,NIFTY 50
2018-02-05,10666.55,NIFTY 50
2018-02-06,10498.25,NIFTY 50
2018-02-07,10476.7,NIFTY 50
2018-02-08,10576.85,NIFTY 50
2018-02-09,10454.95,NIFTY 50
2018-02-12,10539.75,NIFTY 50
2018-02-14,10500.9,NIFTY 50
2018-02-15,10545.5,NIFTY 50
2018-02-16,10452.3,NIFTY 50
2018-02-19,10378.4,NIFTY 50
2018-02-20,10360.4,NIFTY 50
2018-02-21,10397.45,NIFTY 50
2018-02-22,10382.7,NIFTY 50
2018-02-23,10491.05,NIFTY 50
2018-02-26,10582.6,NIFTY 50
2018-02-27,10554.3,NIFTY 50
2018-02-28,10492.85,NIFTY 50
2018-03-01,10458.35,NIFTY 50
2018-03-05,10358.85,NIFTY 50
2018-03-06,10249.25,NIFTY 50
2018-03-07,10154.2,NIFTY 50
2018-03-08,10242.65,NIFTY 50
2018-03-09,10226.85,NIFTY 50
2018-03-12,10421.4,NIFTY 50
2018-03-13,10426.85,NIFTY 50
2018-03-14,10410.9,NIFTY 50
2018-03-15,10360.15,NIFTY 50
2018-03-16,10195.15,NIFTY 50
2018-03-19,10094.25,NIFTY 50
2018-03-20,10124.35,NIFTY 50
2018-03-21,10155.25,NIFTY 50
2018-03-22,10114.75,NIFTY 50
2018-03-23,9998.05,NIFTY 50
2018-03-26,10130.65,NIFTY 50
2018-03-27,10184.15,NIFTY 50
2018-03-28,10113.7,NIFTY 50
2018-04-02,10211.8,NIFTY 50
2018-04-03,10245,NIFTY 50
2018-04-04,10128.4,NIFTY 50
2018-04-05,10325.15,NIFTY 50
2018-04-06,10331.6,NIFTY 50
2018-04-09,10379.35,NIFTY 50
2018-04-10,10402.25,NIFTY 50
2018-04-11,10417.15,NIFTY 50
2018-04-12,10458.65,NIFTY 50
2018-04-13,10480.6,NIFTY 50
2018-04-16,10528.35,NIFTY 50
2018-04-17,10548.7,NIFTY 50
2018-04-18,10526.2,NIFTY 50
2018-04-19,10565.3,NIFTY 50
2018-04-20,10564.05,NIFTY 50
2018-04-23,10584.7,NIFTY 50
2018-04-24,10614.35,NIFTY 50
2018-04-25,10570.55,NIFTY 50
2018-04-26,10617.8,NIFTY 50
2018-04-27,10692.3,NIFTY 50
2018-04-30,10739.35,NIFTY 50
2018-05-02,10718.05,NIFTY 50
2018-05-03,10679.65,NIFTY 50
2018-05-04,10618.25,NIFTY 50
2018-05-07,10715.5,NIFTY 50
2018-05-08,10717.8,NIFTY 50
2018-05-09,10741.7,NIFTY 50
2018-05-10,10716.55,NIFTY 50
2018-05-11,10806.5,NIFTY 50
2018-05-14,10806.6,NIFTY 50
2018-05-15,10801.85,NIFTY 50
2018-05-16,10741.1,NIFTY 50
2018-05-17,10682.7,NIFTY 50
2018-05-18,10596.4,NIFTY 50
2018-05-21,10516.7,NIFTY 50
2018-05-22,10536.7,NIFTY 50
2018-05-23,10430.35,NIFTY 50
2018-05-24,10513.85,NIFTY 50
2018-05-25,10605.15,NIFTY 50
2018-05-28,10688.65,NIFTY 50
2018-05-29,10633.3,NIFTY 50
2018-05-30,10614.35,NIFTY 50
2018-05-31,10736.15,NIFTY 50
2018-06-01,10696.2,NIFTY 50
2018-06-04,10628.5,NIFTY 50
2018-06-05,10593.15,NIFTY 50
2018-06-06,10684.65,NIFTY 50
2018-06-07,10768.35,NIFTY 50
2018-06-08,10767.65,NIFTY 50
2018-06-11,10786.95,NIFTY 50
2018-06-12,10842.85,NIFTY 50
2018-06-13,10856.7,NIFTY 50
2018-06-14,10808.05,NIFTY 50
2018-06-15,10817.7,NIFTY 50
2018-06-18,10799.85,NIFTY 50
2018-06-19,10710.45,NIFTY 50
2018-06-20,10772.05,NIFTY 50
2018-06-21,10741.1,NIFTY 50
2018-06-22,10821.85,NIFTY 50
2018-06-25,10762.45,NIFTY 50
2018-06-26,10769.15,NIFTY 50
2018-06-27,10671.4,NIFTY 50
2018-06-28,10589.1,NIFTY 50
2018-06-29,10714.3,NIFTY 50
2018-07-02,10657.3,NIFTY 50
2018-07-03,10699.9,NIFTY 50
2018-07-04,10769.9,NIFTY 50
2018-07-05,10749.75,NIFTY 50
2018-07-06,10772.65,NIFTY 50
2018-07-09,10852.9,NIFTY 50
2018-07-10,10947.25,NIFTY 50
2018-07-11,10948.3,NIFTY 50
2018-07-12,11023.2,NIFTY 50
2018-07-13,11018.9,NIFTY 50
2018-07-16,10936.85,NIFTY 50
2018-07-17,11008.05,NIFTY 50
2018-07-18,10980.45,NIFTY 50
2018-07-19,10957.1,NIFTY 50
2018-07-20,11010.2,NIFTY 50
2018-07-23,11084.75,NIFTY 50
2018-07-24,11134.3,NIFTY 50
2018-07-25,11132,NIFTY 50
2018-07-26,11167.3,NIFTY 50
2018-07-27,11278.35,NIFTY 50
2018-07-30,11319.55,NIFTY 50
2018-07-31,11356.5,NIFTY 50
2018-08-01,11346.2,NIFTY 50
2018-08-02,11244.7,NIFTY 50
2018-08-03,11360.8,NIFTY 50
2018-08-06,11387.1,NIFTY 50
2018-08-07,11389.45,NIFTY 50
2018-08-08,11450,NIFTY 50
2018-08-09,11470.7,NIFTY 50
2018-08-10,11429.5,NIFTY 50
2018-08-13,11355.75,NIFTY 50
2018-08-14,11435.1,NIFTY 50
2018-08-16,11385.05,NIFTY 50
2018-08-17,11470.75,NIFTY 50
2018-08-20,11551.75,NIFTY 50
2018-08-21,11570.9,NIFTY 50
2018-08-23,11582.75,NIFTY 50
2018-08-24,11557.1,NIFTY 50
2018-08-27,11691.95,NIFTY 50
2018-08-28,11738.5,NIFTY 50
2018-08-29,11691.9,NIFTY 50
2018-08-30,11676.8,NIFTY 50
2018-08-31,11680.5,NIFTY 50
2018-09-03,11582.35,NIFTY 50
2018-09-04,11520.3,NIFTY 50
2018-09-05,11476.95,NIFTY 50
2018-09-06,11536.9,NIFTY 50
2018-09-07,11589.1,NIFTY 50
2018-09-10,11438.1,NIFTY 50
2018-09-11,11287.5,NIFTY 50
2018-09-12,11369.9,NIFTY 50
2018-09-14,11515.2,NIFTY 50
2018-09-17,11377.75,NIFTY 50
2018-09-18,11278.9,NIFTY 50
2018-09-19,11234.35,NIFTY 50
2018-09-21,11143.1,NIFTY 50
2018-09-24,10967.4,NIFTY 50
2018-09-25,11067.45,NIFTY 50
2018-09-26,11053.8,NIFTY 50
2018-09-27,10977.55,NIFTY 50
2018-09-28,10930.45,NIFTY 50
2018-10-01,11008.3,NIFTY 50
2018-10-03,10858.25,NIFTY 50
2018-10-04,10599.25,NIFTY 50
2018-10-05,10316.45,NIFTY 50
2018-10-08,10348.05,NIFTY 50
2018-10-09,10301.05,NIFTY 50
2018-10-10,10460.1,NIFTY 50
2018-10-11,10234.65,NIFTY 50
2018-10-12,10472.5,NIFTY 50
2018-10-15,10512.5,NIFTY 50
2018-10-16,10584.75,NIFTY 50
2018-10-17,10453.05,NIFTY 50
2018-10-19,10303.55,NIFTY 50
2018-10-22,10245.25,NIFTY 50
2018-10-23,10146.8,NIFTY 50
2018-10-24,10224.75,NIFTY 50
2018-10-25,10124.9,NIFTY 50
2018-10-26,10030,NIFTY 50
2018-10-29,10250.85,NIFTY 50
2018-10-30,10198.4,NIFTY 50
2018-10-31,10386.6,NIFTY 50
2018-11-01,10380.45,NIFTY 50
2018-11-02,10553,NIFTY 50
2018-11-05,10524,NIFTY 50
2018-11-06,10530,NIFTY 50
2018-11-07,10598.4,NIFTY 50
2018-11-09,10585.2,NIFTY 50
2018-11-12,10482.2,NIFTY 50
2018-11-13,10582.5,NIFTY 50
2018-11-14,10576.3,NIFTY 50
2018-11-15,10616.7,NIFTY 50
2018-11-16,10682.2,NIFTY 50
2018-11-19,10763.4,NIFTY 50
2018-11-20,10656.2,NIFTY 50
2018-11-21,10600.05,NIFTY 50
2018-11-22,10526.75,NIFTY 50
2018-11-26,10628.6,NIFTY 50
2018-11-27,10685.6,NIFTY 50
2018-11-28,10728.85,NIFTY 50
2018-11-29,10858.7,NIFTY 50
2018-11-30,10876.75,NIFTY 50
2018-12-03,10883.75,NIFTY 50
2018-12-04,10869.5,NIFTY 50
2018-12-05,10782.9,NIFTY 50
2018-12-06,10601.15,NIFTY 50
2018-12-07,10693.7,NIFTY 50
2018-12-10,10488.45,NIFTY 50
2018-12-11,10549.15,NIFTY 50
2018-12-12,10737.6,NIFTY 50
2018-12-13,10791.55,NIFTY 50
2018-12-14,10805.45,NIFTY 50
2018-12-17,10888.35,NIFTY 50
2018-12-18,10908.7,NIFTY 50
2018-12-19,10967.3,NIFTY 50
2018-12-20,10951.7,NIFTY 50
2018-12-21,10754,NIFTY 50
2018-12-24,10663.5,NIFTY 50
2018-12-26,10729.85,NIFTY 50
2018-12-27,10779.8,NIFTY 50
2018-12-28,10859.9,NIFTY 50
2018-12-31,10862.55,NIFTY 50
2019-01-01,10910.1,NIFTY 50
2019-01-02,10792.5,NIFTY 50
2019-01-03,10672.25,NIFTY 50
2019-01-04,10727.35,NIFTY 50
2019-01-07,10771.8,NIFTY 50
2019-01-08,10802.15,NIFTY 50
2019-01-09,10855.15,NIFTY 50
2019-01-10,10821.6,NIFTY 50
2019-01-11,10794.95,NIFTY 50
2019-01-14,10737.6,NIFTY 50
2019-01-15,10886.8,NIFTY 50
2019-01-16,10890.3,NIFTY 50
2019-01-17,10905.2,NIFTY 50
2019-01-18,10906.95,NIFTY 50
2019-01-21,10961.85,NIFTY 50
2019-01-22,10922.75,NIFTY 50
2019-01-23,10831.5,NIFTY 50
2019-01-24,10849.8,NIFTY 50
2019-01-25,10780.55,NIFTY 50
2019-01-28,10661.55,NIFTY 50
2019-01-29,10652.2,NIFTY 50
2019-01-30,10651.8,NIFTY 50
2019-01-31,10830.95,NIFTY 50
2019-02-01,10893.65,NIFTY 50
2019-02-04,10912.25,NIFTY 50
2019-02-05,10934.35,NIFTY 50
2019-02-06,11062.45,NIFTY 50
2019-02-07,11069.4,NIFTY 50
2019-02-08,10943.6,NIFTY 50
2019-02-11,10888.8,NIFTY 50
2019-02-12,10831.4,NIFTY 50
2019-02-13,10793.65,NIFTY 50
2019-02-14,10746.05,NIFTY 50
2019-02-15,10724.4,NIFTY 50
2019-02-18,10640.95,NIFTY 50
2019-02-19,10604.35,NIFTY 50
2019-02-20,10735.45,NIFTY 50
2019-02-21,10789.85,NIFTY 50
2019-02-22,10791.65,NIFTY 50
2019-02-25,10880.1,NIFTY 50
2019-02-26,10835.3,NIFTY 50
2019-02-27,10806.65,NIFTY 50
2019-02-28,10792.5,NIFTY 50
2019-03-01,10863.5,NIFTY 50
2019-03-05,10987.45,NIFTY 50
2019-03-06,11053,NIFTY 50
2019-03-07,11058.2,NIFTY 50
2019-03-08,11035.4,NIFTY 50
2019-03-11,11168.05,NIFTY 50
2019-03-12,11301.2,NIFTY 50
2019-03-13,11341.7,NIFTY 50
2019-03-14,11343.25,NIFTY 50
2019-03-15,11426.85,NIFTY 50
2019-03-18,11462.2,NIFTY 50
2019-03-19,11532.4,NIFTY 50
2019-03-20,11521.05,NIFTY 50
2019-03-22,11456.9,NIFTY 50
2019-03-25,11354.25,NIFTY 50
2019-03-26,11483.25,NIFTY 50
2019-03-27,11445.05,NIFTY 50
2019-03-28,11570,NIFTY 50
2019-03-29,11623.9,NIFTY 50
2019-04-01,11669.15,NIFTY 50
2019-04-02,11713.2,NIFTY 50
2019-04-03,11643.95,NIFTY 50
2019-04-04,11598,NIFTY 50
2019-04-05,11665.95,NIFTY 50
2019-04-08,11604.5,NIFTY 50
2019-04-09,11671.95,NIFTY 50
2019-04-10,11584.3,NIFTY 50
2019-04-11,11596.7,NIFTY 50
2019-04-12,11643.45,NIFTY 50
2019-04-15,11690.35,NIFTY 50
2019-04-16,11787.15,NIFTY 50
2019-04-18,11752.8,NIFTY 50
2019-04-22,11594.45,NIFTY 50
2019-04-23,11575.95,NIFTY 50
2019-04-24,11726.15,NIFTY 50
2019-04-25,11641.8,NIFTY 50
2019-04-26,11754.65,NIFTY 50
2019-04-30,11748.15,NIFTY 50
2019-05-02,11724.75,NIFTY 50
2019-05-03,11712.25,NIFTY 50
2019-05-06,11598.25,NIFTY 50
2019-05-07,11497.9,NIFTY 50
2019-05-08,11359.45,NIFTY 50
2019-05-09,11301.8,NIFTY 50
2019-05-10,11278.9,NIFTY 50
2019-05-13,11148.2,NIFTY 50
2019-05-14,11222.05,NIFTY 50
2019-05-15,11157,NIFTY 50
2019-05-16,11257.1,NIFTY 50
2019-05-17,11407.15,NIFTY 50
2019-05-20,11828.25,NIFTY 50
2019-05-21,11709.1,NIFTY 50
2019-05-22,11737.9,NIFTY 50
2019-05-23,11657.05,NIFTY 50
2019-05-24,11844.1,NIFTY 50
2019-05-27,11924.75,NIFTY 50
2019-05-28,11928.75,NIFTY 50
2019-05-29,11861.1,NIFTY 50
2019-05-30,11945.9,NIFTY 50
2019-05-31,11922.8,NIFTY 50
2019-06-03,12088.55,NIFTY 50
2019-06-04,12021.65,NIFTY 50
2019-06-06,11843.75,NIFTY 50
2019-06-07,11870.65,NIFTY 50
2019-06-10,11922.7,NIFTY 50
2019-06-11,11965.6,NIFTY 50
2019-06-12,11906.2,NIFTY 50
2019-06-13,11914.05,NIFTY 50
2019-06-14,11823.3,NIFTY 50
2019-06-17,11672.15,NIFTY 50
2019-06-18,11691.5,NIFTY 50
2019-06-19,11691.45,NIFTY 50
2019-06-20,11831.75,NIFTY 50
2019-06-21,11724.1,NIFTY 50
2019-06-24,11699.65,NIFTY 50
2019-06-25,11796.45,NIFTY 50
2019-06-26,11847.55,NIFTY 50
2019-06-27,11841.55,NIFTY 50
2019-06-28,11788.85,NIFTY 50
2019-07-01,11865.6,NIFTY 50
2019-07-02,11910.3,NIFTY 50
2019-07-03,11916.75,NIFTY 50
2019-07-04,11946.75,NIFTY 50
2019-07-05,11811.15,NIFTY 50
2019-07-08,11558.6,NIFTY 50
2019-07-09,11555.9,NIFTY 50
2019-07-10,11498.9,NIFTY 50
2019-07-11,11582.9,NIFTY 50
2019-07-12,11552.5,NIFTY 50
2019-07-15,11588.35,NIFTY 50
2019-07-16,11662.6,NIFTY 50
2019-07-17,11687.5,NIFTY 50
2019-07-18,11596.9,NIFTY 50
2019-07-19,11419.25,NIFTY 50
2019-07-22,11346.2,NIFTY 50
2019-07-23,11331.05,NIFTY 50
2019-07-24,11271.3,NIFTY 50
2019-07-25,11252.15,NIFTY 50
2019-07-26,11284.3,NIFTY 50
2019-07-29,11189.2,NIFTY 50
2019-07-30,11085.4,NIFTY 50
2019-07-31,11118,NIFTY 50
2019-08-01,10980,NIFTY 50
2019-08-02,10997.35,NIFTY 50
2019-08-05,10862.6,NIFTY 50
2019-08-06,10948.25,NIFTY 50
2019-08-07,10855.5,NIFTY 50
2019-08-08,11032.45,NIFTY 50
2019-08-09,11109.65,NIFTY 50
2019-08-13,10925.85,NIFTY 50
2019-08-14,11029.4,NIFTY 50
2019-08-16,11047.8,NIFTY 50
2019-08-19,11053.9,NIFTY 50
2019-08-20,11017,NIFTY 50
2019-08-21,10918.7,NIFTY 50
2019-08-22,10741.35,NIFTY 50
2019-08-23,10829.35,NIFTY 50
2019-08-26,11057.85,NIFTY 50
2019-08-27,11105.35,NIFTY 50
2019-08-28,11046.1,NIFTY 50
2019-08-29,10948.3,NIFTY 50
2019-08-30,11023.25,NIFTY 50
2019-09-03,10797.9,NIFTY 50
2019-09-04,10844.65,NIFTY 50
2019-09-05,10847.9,NIFTY 50
2019-09-06,10946.2,NIFTY 50
2019-09-09,11003.05,NIFTY 50
2019-09-11,11035.7,NIFTY 50
2019-09-12,10982.8,NIFTY 50
2019-09-13,11075.9,NIFTY 50
2019-09-16,11003.5,NIFTY 50
2019-09-17,10817.6,NIFTY 50
2019-09-18,10840.65,NIFTY 50
2019-09-19,10704.8,NIFTY 50
2019-09-20,11274.2,NIFTY 50
2019-09-23,11600.2,NIFTY 50
2019-09-24,11588.2,NIFTY 50
2019-09-25,11440.2,NIFTY 50
2019-09-26,11571.2,NIFTY 50
2019-09-27,11512.4,NIFTY 50
2019-09-30,11474.45,NIFTY 50
2019-10-01,11359.9,NIFTY 50
2019-10-03,11314,NIFTY 50
2019-10-04,11174.75,NIFTY 50
2019-10-07,11126.4,NIFTY 50
2019-10-09,11313.3,NIFTY 50
2019-10-10,11234.55,NIFTY 50
2019-10-11,11305.05,NIFTY 50
2019-10-14,11341.15,NIFTY 50
2019-10-15,11428.3,NIFTY 50
2019-10-16,11464,NIFTY 50
2019-10-17,11586.35,NIFTY 50
2019-10-18,11661.85,NIFTY 50
2019-10-22,11588.35,NIFTY 50
2019-10-23,11604.1,NIFTY 50
2019-10-24,11582.6,NIFTY 50
2019-10-25,11583.9,NIFTY 50
2019-10-27,11627.15,NIFTY 50
2019-10-29,11786.85,NIFTY 50
2019-10-30,11844.1,NIFTY 50
2019-10-31,11877.45,NIFTY 50
2019-11-01,11890.6,NIFTY 50
2019-11-04,11941.3,NIFTY 50
2019-11-05,11917.2,NIFTY 50
2019-11-06,11966.05,NIFTY 50
2019-11-07,12012.05,NIFTY 50
2019-11-08,11908.15,NIFTY 50
2019-11-11,11913.45,NIFTY 50
2019-11-13,11840.45,NIFTY 50
2019-11-14,11872.1,NIFTY 50
2019-11-15,11895.45,NIFTY 50
2019-11-18,11884.5,NIFTY 50
2019-11-19,11940.1,NIFTY 50
2019-11-20,11999.1,NIFTY 50
2019-11-21,11968.4,NIFTY 50
2019-11-22,11914.4,NIFTY 50
2019-11-25,12073.75,NIFTY 50
2019-11-26,12037.7,NIFTY 50
2019-11-27,12100.7,NIFTY 50
2019-11-28,12151.15,NIFTY 50
2019-11-29,12056.05,NIFTY 50
2019-12-02,12048.2,NIFTY 50
2019-12-03,11994.2,NIFTY 50
2019-12-04,12043.2,NIFTY 50
2019-12-05,12018.4,NIFTY 50
2019-12-06,11921.5,NIFTY 50
2019-12-09,11937.5,NIFTY 50
2019-12-10,11856.8,NIFTY 50
2019-12-11,11910.15,NIFTY 50
2019-12-12,11971.8,NIFTY 50
2019-12-13,12086.7,NIFTY 50
2019-12-16,12053.95,NIFTY 50
2019-12-17,12165,NIFTY 50
2019-12-18,12221.65,NIFTY 50
2019-12-19,12259.7,NIFTY 50
2019-12-20,12271.8,NIFTY 50
2019-12-23,12262.75,NIFTY 50
2019-12-24,12214.55,NIFTY 50
2019-12-26,12126.55,NIFTY 50
2019-12-27,12245.8,NIFTY 50
2019-12-30,12255.85,NIFTY 50
2019-12-31,12168.45,NIFTY 50
2020-01-01,12182.5,NIFTY 50
2020-01-02,12282.2,NIFTY 50
2020-01-03,12226.65,NIFTY 50
2020-01-06,11993.05,NIFTY 50
2020-01-07,12052.95,NIFTY 50
2020-01-08,12025.35,NIFTY 50
2020-01-09,12215.9,NIFTY 50
2020-01-10,12256.8,NIFTY 50
2020-01-13,12329.55,NIFTY 50
2020-01-14,12362.3,NIFTY 50
2020-01-15,12343.3,NIFTY 50
2020-01-16,12355.5,NIFTY 50
2020-01-17,12352.35,NIFTY 50
2020-01-20,12224.55,NIFTY 50
2020-01-21,12169.85,NIFTY 50
2020-01-22,12106.9,NIFTY 50
2020-01-23,12180.35,NIFTY 50
2020-01-24,12248.25,NIFTY 50
2020-01-27,12119,NIFTY 50
2020-01-28,12055.8,NIFTY 50
2020-01-29,12129.5,NIFTY 50
2020-01-30,12035.8,NIFTY 50
2020-01-31,11962.1,NIFTY 50
2020-02-01,11661.85,NIFTY 50
2020-02-03,11707.9,NIFTY 50
2020-02-04,11979.65,NIFTY 50
2020-02-05,12089.15,NIFTY 50
2020-02-06,12137.95,NIFTY 50
2020-02-07,12098.35,NIFTY 50
2020-02-10,12031.5,NIFTY 50
2020-02-11,12107.9,NIFTY 50
2020-02-12,12201.2,NIFTY 50
2020-02-13,12174.65,NIFTY 50
2020-02-14,12113.45,NIFTY 50
2020-02-17,12045.8,NIFTY 50
2020-02-18,11992.5,NIFTY 50
2020-02-19,12125.9,NIFTY 50
2020-02-20,12080.85,NIFTY 50
2020-02-24,11829.4,NIFTY 50
2020-02-25,11797.9,NIFTY 50
2020-02-26,11678.5,NIFTY 50
2020-02-27,11633.3,NIFTY 50
2020-02-28,11201.75,NIFTY 50
2020-03-02,11132.75,NIFTY 50
2020-03-03,11303.3,NIFTY 50
2020-03-04,11251,NIFTY 50
2020-03-05,11269,NIFTY 50
2020-03-06,10989.45,NIFTY 50
2020-03-09,10451.45,NIFTY 50
2020-03-11,10458.4,NIFTY 50
2020-03-12,9590.15,NIFTY 50
2020-03-13,9955.2,NIFTY 50
2020-03-16,9197.4,NIFTY 50
2020-03-17,8967.04,NIFTY 50
2020-03-18,8468.79,NIFTY 50
2020-03-19,8263.45,NIFTY 50
2020-03-20,8745.45,NIFTY 50
2020-03-23,7610.25,NIFTY 50
2020-03-24,7801.05,NIFTY 50
2020-03-25,8317.85,NIFTY 50
2020-03-26,8641.45,NIFTY 50
2020-03-27,8660.25,NIFTY 50
2020-03-30,8281.1,NIFTY 50
2020-03-31,8597.75,NIFTY 50
2020-04-01,8253.79,NIFTY 50
2020-04-03,8083.8,NIFTY 50
2020-04-07,8792.2,NIFTY 50
2020-04-08,8748.75,NIFTY 50
2020-04-09,9111.9,NIFTY 50
2020-04-13,8993.85,NIFTY 50
2020-04-15,8925.29,NIFTY 50
2020-04-16,8992.79,NIFTY 50
2020-04-17,9266.75,NIFTY 50
2020-04-20,9261.85,NIFTY 50
2020-04-21,8981.45,NIFTY 50
2020-04-22,9187.29,NIFTY 50
2020-04-23,9313.9,NIFTY 50
2020-04-24,9154.4,NIFTY 50
2020-04-27,9282.29,NIFTY 50
2020-04-28,9380.9,NIFTY 50
2020-04-29,9553.35,NIFTY 50
2020-04-30,9859.9,NIFTY 50
2020-05-04,9293.5,NIFTY 50
2020-05-05,9205.6,NIFTY 50
2020-05-06,9270.9,NIFTY 50
2020-05-07,9199.04,NIFTY 50
2020-05-08,9251.5,NIFTY 50
2020-05-11,9239.2,NIFTY 50
2020-05-12,9196.54,NIFTY 50
2020-05-13,9383.54,NIFTY 50
2020-05-14,9142.75,NIFTY 50
2020-05-15,9136.85,NIFTY 50
2020-05-18,8823.25,NIFTY 50
2020-05-19,8879.1,NIFTY 50
2020-05-20,9066.54,NIFTY 50
2020-05-21,9106.25,NIFTY 50
2020-05-22,9039.25,NIFTY 50
2020-05-26,9029.04,NIFTY 50
2020-05-27,9314.95,NIFTY 50
2020-05-28,9490.1,NIFTY 50
2020-05-29,9580.29,NIFTY 50
2020-06-01,9826.15,NIFTY 50
2020-06-02,9979.1,NIFTY 50
2020-06-03,10061.54,NIFTY 50
2020-06-04,10029.1,NIFTY 50
2020-06-05,10142.15,NIFTY 50
2020-06-08,10167.45,NIFTY 50
2020-06-09,10046.65,NIFTY 50
2020-06-10,10116.15,NIFTY 50
2020-06-11,9902,NIFTY 50
2020-06-12,9972.9,NIFTY 50
2020-06-15,9813.7,NIFTY 50
2020-06-16,9914,NIFTY 50
2020-06-17,9881.15,NIFTY 50
2020-06-18,10091.65,NIFTY 50
2020-06-19,10244.4,NIFTY 50
2020-06-22,10311.2,NIFTY 50
2020-06-23,10471,NIFTY 50
2020-06-24,10305.29,NIFTY 50
2020-06-25,10288.9,NIFTY 50
2020-06-26,10383,NIFTY 50
2020-06-29,10312.4,NIFTY 50
2020-06-30,10302.1,NIFTY 50
2020-07-01,10430.04,NIFTY 50
2020-07-02,10551.7,NIFTY 50
2020-07-03,10607.35,NIFTY 50
2020-07-06,10763.65,NIFTY 50
2020-07-07,10799.65,NIFTY 50
2020-07-08,10705.75,NIFTY 50
2020-07-09,10813.45,NIFTY 50
2020-07-10,10768.05,NIFTY 50
2020-07-13,10802.7,NIFTY 50
2020-07-14,10607.35,NIFTY 50
2020-07-15,10618.2,NIFTY 50
2020-07-16,10739.95,NIFTY 50
2020-07-17,10901.7,NIFTY 50
2020-07-20,11022.2,NIFTY 50
2020-07-21,11162.25,NIFTY 50
2020-07-22,11132.6,NIFTY 50
2020-07-23,11215.45,NIFTY 50
2020-07-24,11194.15,NIFTY 50
2020-07-27,11131.8,NIFTY 50
2020-07-28,11300.55,NIFTY 50
2020-07-29,11202.85,NIFTY 50
2020-07-30,11102.15,NIFTY 50
2020-07-31,11073.45,NIFTY 50
2020-08-03,10891.6,NIFTY 50
2020-08-04,11095.25,NIFTY 50
2020-08-05,11101.65,NIFTY 50
2020-08-06,11200.15,NIFTY 50
2020-08-07,11214.05,NIFTY 50
2020-08-10,11270.15,NIFTY 50
2020-08-11,11322.5,NIFTY 50
2020-08-12,11308.4,NIFTY 50
2020-08-13,11300.45,NIFTY 50
2020-08-14,11178.4,NIFTY 50
2020-08-17,11247.1,NIFTY 50
2020-08-18,11385.35,NIFTY 50
2020-08-19,11408.4,NIFTY 50
2020-08-20,11312.2,NIFTY 50
2020-08-21,11371.6,NIFTY 50
2020-08-24,11466.45,NIFTY 50
2020-08-25,11472.25,NIFTY 50
2020-08-26,11549.6,NIFTY 50
2020-08-27,11559.25,NIFTY 50
2020-08-28,11647.6,NIFTY 50
2020-08-31,11387.5,NIFTY 50
2020-09-01,11470.25,NIFTY 50
2020-09-02,11535,NIFTY 50
2020-09-03,11527.45,NIFTY 50
2020-09-04,11333.85,NIFTY 50
2020-09-07,11355.05,NIFTY 50
2020-09-08,11317.35,NIFTY 50
2020-09-09,11278,NIFTY 50
2020-09-10,11449.25,NIFTY 50
2020-09-11,11464.45,NIFTY 50
2020-09-14,11440.05,NIFTY 50
2020-09-15,11521.8,NIFTY 50
2020-09-16,11604.55,NIFTY 50
2020-09-17,11516.1,NIFTY 50
2020-09-18,11504.95,NIFTY 50
2020-09-21,11250.55,NIFTY 50
2020-09-22,11153.65,NIFTY 50
2020-09-23,11131.85,NIFTY 50
2020-09-24,10805.55,NIFTY 50
2020-09-25,11050.25,NIFTY 50
2020-09-28,11227.55,NIFTY 50
2020-09-29,11222.4,NIFTY 50
2020-09-30,11247.55,NIFTY 50
2020-10-01,11416.95,NIFTY 50
2020-10-05,11503.35,NIFTY 50
2020-10-06,11662.4,NIFTY 50
2020-10-07,11738.85,NIFTY 50
2020-10-08,11834.6,NIFTY 50
2020-10-09,11914.2,NIFTY 50
2020-10-12,11930.95,NIFTY 50
2020-10-13,11934.5,NIFTY 50
2020-10-14,11971.05,NIFTY 50
2020-10-15,11680.35,NIFTY 50
2020-10-16,11762.45,NIFTY 50
2020-10-19,11873.05,NIFTY 50
2020-10-20,11896.8,NIFTY 50
2020-10-21,11937.65,NIFTY 50
2020-10-22,11896.45,NIFTY 50
2020-10-23,11930.35,NIFTY 50
2020-10-26,11767.75,NIFTY 50
2020-10-27,11889.4,NIFTY 50
2020-10-28,11729.6,NIFTY 50
2020-10-29,11670.8,NIFTY 50
2020-10-30,11642.4,NIFTY 50
2020-11-02,11669.15,NIFTY 50
2020-11-03,11813.5,NIFTY 50
2020-11-04,11908.5,NIFTY 50
2020-11-05,12120.3,NIFTY 50
2020-11-06,12263.55,NIFTY 50
2020-11-09,12461.05,NIFTY 50
2020-11-10,12631.1,NIFTY 50
2020-11-11,12749.15,NIFTY 50
2020-11-12,12690.8,NIFTY 50
2020-11-13,12719.95,NIFTY 50
2020-11-14,12780.25,NIFTY 50
2020-11-17,12874.2,NIFTY 50
2020-11-18,12938.25,NIFTY 50
2020-11-19,12771.7,NIFTY 50
2020-11-20,12859.05,NIFTY 50
2020-11-23,12926.45,NIFTY 50
2020-11-24,13055.15,NIFTY 50
2020-11-25,12858.4,NIFTY 50
2020-11-26,12987,NIFTY 50
2020-11-27,12968.95,NIFTY 50
2020-12-01,13109.05,NIFTY 50
2020-12-02,13113.75,NIFTY 50
2020-12-03,13133.9,NIFTY 50
2020-12-04,13258.55,NIFTY 50
2020-12-07,13355.75,NIFTY 50
2020-12-08,13392.95,NIFTY 50
2020-12-09,13529.1,NIFTY 50
2020-12-10,13478.3,NIFTY 50
2020-12-11,13513.85,NIFTY 50
2020-12-14,13558.15,NIFTY 50
2020-12-15,13567.85,NIFTY 50
2020-12-16,13682.7,NIFTY 50
2020-12-17,13740.7,NIFTY 50
2020-12-18,13760.55,NIFTY 50
2020-12-21,13328.4,NIFTY 50
2020-12-22,13466.3,NIFTY 50
2020-12-23,13601.1,NIFTY 50
2020-12-24,13749.25,NIFTY 50
2020-12-28,13873.2,NIFTY 50
2020-12-29,13932.6,NIFTY 50
2020-12-30,13981.95,NIFTY 50
2020-12-31,13981.75,NIFTY 50
2021-01-01,14018.5,NIFTY 50
2021-01-04,14132.9,NIFTY 50
2021-01-05,14199.5,NIFTY 50
2021-01-06,14146.25,NIFTY 50
2021-01-07,14137.35,NIFTY 50
2021-01-08,14347.25,NIFTY 50
2021-01-11,14484.75,NIFTY 50
2021-01-12,14563.45,NIFTY 50
2021-01-13,14564.85,NIFTY 50
2021-01-14,14595.6,NIFTY 50
2021-01-15,14433.7,NIFTY 50
2021-01-18,14281.3,NIFTY 50
2021-01-19,14521.15,NIFTY 50
2021-01-20,14644.7,NIFTY 50
2021-01-21,14590.35,NIFTY 50
2021-01-22,14371.9,NIFTY 50
2021-01-25,14238.9,NIFTY 50
2021-01-27,13967.5,NIFTY 50
2021-01-28,13817.55,NIFTY 50
2021-01-29,13634.6,NIFTY 50
2021-02-01,14281.2,NIFTY 50
2021-02-02,14647.85,NIFTY 50
2021-02-03,14789.95,NIFTY 50
2021-02-04,14895.65,NIFTY 50
2021-02-05,14924.25,NIFTY 50
2021-02-08,15115.8,NIFTY 50
2021-02-09,15109.3,NIFTY 50
2021-02-10,15106.5,NIFTY 50
2021-02-11,15173.3,NIFTY 50
2021-02-12,15163.3,NIFTY 50
2021-02-15,15314.7,NIFTY 50
2021-02-16,15313.45,NIFTY 50
2021-02-17,15208.9,NIFTY 50
2021-02-18,15118.95,NIFTY 50
2021-02-19,14981.75,NIFTY 50
2021-02-22,14675.7,NIFTY 50
2021-02-23,14707.8,NIFTY 50
2021-02-24,14982,NIFTY 50
2021-02-25,15097.35,NIFTY 50
2021-02-26,14529.15,NIFTY 50
2021-03-01,14761.55,NIFTY 50
2021-03-02,14919.1,NIFTY 50
2021-03-03,15245.6,NIFTY 50
2021-03-04,15080.75,NIFTY 50
2021-03-05,14938.1,NIFTY 50
2021-03-08,14956.2,NIFTY 50
2021-03-09,15098.4,NIFTY 50
2021-03-10,15174.8,NIFTY 50
2021-03-12,15030.95,NIFTY 50
2021-03-15,14929.5,NIFTY 50
2021-03-16,14910.45,NIFTY 50
2021-03-17,14721.3,NIFTY 50
2021-03-18,14557.85,NIFTY 50
2021-03-19,14744,NIFTY 50
2021-03-22,14736.4,NIFTY 50
2021-03-23,14814.75,NIFTY 50
2021-03-24,14549.4,NIFTY 50
2021-03-25,14324.9,NIFTY 50
2021-03-26,14507.3,NIFTY 50
2021-03-30,14845.1,NIFTY 50
2021-03-31,14690.7,NIFTY 50
2021-04-01,14867.35,NIFTY 50
2021-04-05,14637.8,NIFTY 50
2021-04-06,14683.5,NIFTY 50
2021-04-07,14819.05,NIFTY 50
2021-04-08,14873.8,NIFTY 50
2021-04-09,14834.85,NIFTY 50
2021-04-12,14310.8,NIFTY 50
2021-04-13,14504.8,NIFTY 50
2021-04-15,14581.45,NIFTY 50
2021-04-16,14617.85,NIFTY 50
2021-04-19,14359.45,NIFTY 50
2021-04-20,14296.4,NIFTY 50
2021-04-22,14406.15,NIFTY 50
2021-04-23,14341.35,NIFTY 50
2021-04-26,14485,NIFTY 50
2021-04-27,14653.05,NIFTY 50
2021-04-28,14864.55,NIFTY 50
2021-04-29,14894.9,NIFTY 50
2021-04-30,14631.1,NIFTY 50
2021-05-03,14634.15,NIFTY 50
2021-05-04,14496.5,NIFTY 50
2021-05-05,14617.85,NIFTY 50
2021-05-06,14724.8,NIFTY 50
2021-05-07,14823.15,NIFTY 50
2021-05-10,14942.35,NIFTY 50
2021-05-11,14850.75,NIFTY 50
2021-05-12,14696.5,NIFTY 50
2021-05-14,14677.8,NIFTY 50
2021-05-17,14923.15,NIFTY 50
2021-05-18,15108.1,NIFTY 50
2021-05-19,15030.15,NIFTY 50
2021-05-20,14906.05,NIFTY 50
2021-05-21,15175.3,NIFTY 50
2021-05-24,15197.7,NIFTY 50
2021-05-25,15208.45,NIFTY 50
2021-05-26,15301.45,NIFTY 50
2021-05-27,15337.85,NIFTY 50
2021-05-28,15435.65,NIFTY 50
2021-05-31,15582.8,NIFTY 50
2021-06-01,15574.85,NIFTY 50
2021-06-02,15576.2,NIFTY 50
2021-06-03,15690.35,NIFTY 50
2021-06-04,15670.25,NIFTY 50
2021-06-07,15751.65,NIFTY 50
2021-06-08,15740.1,NIFTY 50
2021-06-09,15635.35,NIFTY 50
2021-06-10,15737.75,NIFTY 50
2021-06-11,15799.35,NIFTY 50
2021-06-14,15811.85,NIFTY 50
2021-06-15,15869.25,NIFTY 50
2021-06-16,15767.55,NIFTY 50
2021-06-17,15691.4,NIFTY 50
2021-06-18,15683.35,NIFTY 50
2021-06-21,15746.5,NIFTY 50
2021-06-22,15772.75,NIFTY 50
2021-06-23,15686.95,NIFTY 50
2021-06-24,15790.45,NIFTY 50
2021-06-25,15860.35,NIFTY 50
2021-06-28,15814.7,NIFTY 50
2021-06-29,15748.45,NIFTY 50
2021-06-30,15721.5,NIFTY 50
2021-07-01,15680,NIFTY 50
2021-07-02,15722.2,NIFTY 50
2021-07-05,15834.35,NIFTY 50
2021-07-06,15818.25,NIFTY 50
2021-07-07,15879.65,NIFTY 50
2021-07-08,15727.9,NIFTY 50
2021-07-09,15689.8,NIFTY 50
2021-07-12,15692.6,NIFTY 50
2021-07-13,15812.35,NIFTY 50
2021-07-14,15853.95,NIFTY 50
2021-07-15,15924.2,NIFTY 50
2021-07-16,15923.4,NIFTY 50
2021-07-19,15752.4,NIFTY 50
2021-07-20,15632.1,NIFTY 50
2021-07-22,15824.05,NIFTY 50
2021-07-23,15856.05,NIFTY 50
2021-07-26,15824.45,NIFTY 50
2021-07-27,15746.45,NIFTY 50
2021-07-28,15709.4,NIFTY 50
2021-07-29,15778.45,NIFTY 50
2021-07-30,15763.05,NIFTY 50
2021-08-02,15885.15,NIFTY 50
2021-08-03,16130.75,NIFTY 50
2021-08-04,16258.8,NIFTY 50
2021-08-05,16294.6,NIFTY 50
2021-08-06,16238.2,NIFTY 50
2021-08-09,16258.25,NIFTY 50
2021-08-10,16280.1,NIFTY 50
2021-08-11,16282.25,NIFTY 50
2021-08-12,16364.4,NIFTY 50
2021-08-13,16529.09,NIFTY 50
2021-08-16,16563.05,NIFTY 50
2021-08-17,16614.59,NIFTY 50
2021-08-18,16568.84,NIFTY 50
2021-08-20,16450.5,NIFTY 50
2021-08-23,16496.45,NIFTY 50
2021-08-24,16624.59,NIFTY 50
2021-08-25,16634.65,NIFTY 50
2021-08-26,16636.9,NIFTY 50
2021-08-27,16705.2,NIFTY 50
2021-08-30,16931.05,NIFTY 50
2021-08-31,17132.2,NIFTY 50
2021-09-01,17076.25,NIFTY 50
2021-09-02,17234.15,NIFTY 50
2021-09-03,17323.59,NIFTY 50
2021-09-06,17377.8,NIFTY 50
2021-09-07,17362.09,NIFTY 50
2021-09-08,17353.5,NIFTY 50
2021-09-09,17369.25,NIFTY 50
2021-09-13,17355.3,NIFTY 50
2021-09-14,17380,NIFTY 50
2021-09-15,17519.45,NIFTY 50
2021-09-16,17629.5,NIFTY 50
2021-09-17,17585.15,NIFTY 50
2021-09-20,17396.9,NIFTY 50
2021-09-21,17562,NIFTY 50
2021-09-22,17546.65,NIFTY 50
2021-09-23,17822.95,NIFTY 50
2021-09-24,17853.2,NIFTY 50
2021-09-27,17855.09,NIFTY 50
2021-09-28,17748.59,NIFTY 50
2021-09-29,17711.3,NIFTY 50
2021-09-30,17618.15,NIFTY 50
2021-10-01,17532.05,NIFTY 50
2021-10-04,17691.25,NIFTY 50
2021-10-05,17822.3,NIFTY 50
2021-10-06,17646,NIFTY 50
2021-10-07,17790.34,NIFTY 50
2021-10-08,17895.2,NIFTY 50
2021-10-11,17945.95,NIFTY 50
2021-10-12,17991.95,NIFTY 50
2021-10-13,18161.75,NIFTY 50
2021-10-14,18338.55,NIFTY 50
2021-10-18,18477.05,NIFTY 50
2021-10-19,18418.75,NIFTY 50
2021-10-20,18266.59,NIFTY 50
2021-10-21,18178.09,NIFTY 50
2021-10-22,18114.9,NIFTY 50
2021-10-25,18125.4,NIFTY 50
2021-10-26,18268.4,NIFTY 50
2021-10-27,18210.95,NIFTY 50
2021-10-28,17857.25,NIFTY 50
2021-10-29,17671.65,NIFTY 50
2021-11-01,17929.65,NIFTY 50
2021-11-02,17888.95,NIFTY 50
2021-11-03,17829.2,NIFTY 50
2021-11-04,17916.8,NIFTY 50
2021-11-08,18068.55,NIFTY 50
2021-11-09,18044.25,NIFTY 50
2021-11-10,18017.2,NIFTY 50
2021-11-11,17873.6,NIFTY 50
2021-11-12,18102.75,NIFTY 50
2021-11-15,18109.45,NIFTY 50
2021-11-16,17999.2,NIFTY 50
2021-11-17,17898.65,NIFTY 50
2021-11-18,17764.8,NIFTY 50
2021-11-22,17416.55,NIFTY 50
2021-11-23,17503.35,NIFTY 50
2021-11-24,17415.05,NIFTY 50
2021-11-25,17536.25,NIFTY 50
2021-11-26,17026.45,NIFTY 50
2021-11-29,17053.95,NIFTY 50
2021-11-30,16983.2,NIFTY 50
2021-12-01,17166.9,NIFTY 50
2021-12-02,17401.65,NIFTY 50
2021-12-03,17196.7,NIFTY 50
2021-12-06,16912.25,NIFTY 50
2021-12-07,17176.7,NIFTY 50
2021-12-08,17469.75,NIFTY 50
2021-12-09,17516.85,NIFTY 50
2021-12-10,17511.3,NIFTY 50
2021-12-13,17368.25,NIFTY 50
2021-12-14,17324.9,NIFTY 50
2021-12-15,17221.4,NIFTY 50
2021-12-16,17248.4,NIFTY 50
2021-12-17,16985.2,NIFTY 50
2021-12-20,16614.2,NIFTY 50
2021-12-21,16770.85,NIFTY 50
2021-12-22,16955.45,NIFTY 50
2021-12-23,17072.6,NIFTY 50
2021-12-24,17003.75,NIFTY 50
2021-12-27,17086.25,NIFTY 50
2021-12-28,17233.25,NIFTY 50
2021-12-29,17213.6,NIFTY 50
2021-12-30,17203.95,NIFTY 50
2021-12-31,17354.05,NIFTY 50
2017-01-02,17969.6,NIFTY BANK
2017-01-03,18035.6,NIFTY BANK
2017-01-04,17891,NIFTY BANK
2017-01-05,18115.95,NIFTY BANK
2017-01-06,18264,NIFTY BANK
2017-01-09,18286.65,NIFTY BANK
2017-01-10,18409.6,NIFTY BANK
2017-01-11,18830,NIFTY BANK
2017-01-12,18873.95,NIFTY BANK
2017-01-13,18912.1,NIFTY BANK
2017-01-16,19096.45,NIFTY BANK
2017-01-17,19067.05,NIFTY BANK
2017-01-18,19164.5,NIFTY BANK
2017-01-19,19124.25,NIFTY BANK
2017-01-20,18820.8,NIFTY BANK
2017-01-23,18842.7,NIFTY BANK
2017-01-24,19023.5,NIFTY BANK
2017-01-25,19473.2,NIFTY BANK
2017-01-27,19708.3,NIFTY BANK
2017-01-30,19585.25,NIFTY BANK
2017-01-31,19515.15,NIFTY BANK
2017-02-01,20020.6,NIFTY BANK
2017-02-02,20070.3,NIFTY BANK
2017-02-03,20196.8,NIFTY BANK
2017-02-06,20371.6,NIFTY BANK
2017-02-07,20327.25,NIFTY BANK
2017-02-08,20245.4,NIFTY BANK
2017-02-09,20151.15,NIFTY BANK
2017-02-10,20213.9,NIFTY BANK
2017-02-13,20251.8,NIFTY BANK
2017-02-14,20258.1,NIFTY BANK
2017-02-15,20163.7,NIFTY BANK
2017-02-16,20243.7,NIFTY BANK
2017-02-17,20551.35,NIFTY BANK
2017-02-20,20677.1,NIFTY BANK
2017-02-21,20860.95,NIFTY BANK
2017-02-22,20868.45,NIFTY BANK
2017-02-23,20876.65,NIFTY BANK
2017-02-27,20613.05,NIFTY BANK
2017-02-28,20607.25,NIFTY BANK
2017-03-01,20783.75,NIFTY BANK
2017-03-02,20560.05,NIFTY BANK
2017-03-03,20495.6,NIFTY BANK
2017-03-06,20663.65,NIFTY BANK
2017-03-07,20627.5,NIFTY BANK
2017-03-08,20676.55,NIFTY BANK
2017-03-09,20721.35,NIFTY BANK
2017-03-10,20727.55,NIFTY BANK
2017-03-14,21102.7,NIFTY BANK
2017-03-15,21157.9,NIFTY BANK
2017-03-16,21249.9,NIFTY BANK
2017-03-17,21175.05,NIFTY BANK
2017-03-20,21110.25,NIFTY BANK
2017-03-21,21019,NIFTY BANK
2017-03-22,20781.35,NIFTY BANK
2017-03-23,20895.5,NIFTY BANK
2017-03-24,21122.55,NIFTY BANK
2017-03-27,21056.9,NIFTY BANK
2017-03-28,21225.4,NIFTY BANK
2017-03-29,21391.15,NIFTY BANK
2017-03-30,21620.7,NIFTY BANK
2017-03-31,21444.15,NIFTY BANK
2017-04-03,21547.75,NIFTY BANK
2017-04-05,21652.7,NIFTY BANK
2017-04-06,21622.95,NIFTY BANK
2017-04-07,21431.15,NIFTY BANK
2017-04-10,21520.15,NIFTY BANK
2017-04-11,21736.15,NIFTY BANK
2017-04-12,21666.8,NIFTY BANK
2017-04-13,21686.6,NIFTY BANK
2017-04-17,21647.6,NIFTY BANK
2017-04-18,21671.85,NIFTY BANK
2017-04-19,21556.35,NIFTY BANK
2017-04-20,21491.4,NIFTY BANK
2017-04-21,21551.45,NIFTY BANK
2017-04-24,21857.4,NIFTY BANK
2017-04-25,22054.7,NIFTY BANK
2017-04-26,22242.85,NIFTY BANK
2017-04-27,22326.3,NIFTY BANK
2017-04-28,22358.25,NIFTY BANK
2017-05-02,22341.35,NIFTY BANK
2017-05-03,22307.3,NIFTY BANK
2017-05-04,22720.1,NIFTY BANK
2017-05-05,22604.95,NIFTY BANK
2017-05-08,22767.35,NIFTY BANK
2017-05-09,22707.3,NIFTY BANK
2017-05-10,22830.35,NIFTY BANK
2017-05-11,22818.45,NIFTY BANK
2017-05-12,22671.7,NIFTY BANK
2017-05-15,22821.5,NIFTY BANK
2017-05-16,22928.6,NIFTY BANK
2017-05-17,22935.95,NIFTY BANK
2017-05-18,22698.6,NIFTY BANK
2017-05-19,22769.8,NIFTY BANK
2017-05-22,22652.85,NIFTY BANK
2017-05-23,22582.8,NIFTY BANK
2017-05-24,22536.3,NIFTY BANK
2017-05-25,23190.8,NIFTY BANK
2017-05-26,23362.2,NIFTY BANK
2017-05-29,23182.75,NIFTY BANK
2017-05-30,23307.25,NIFTY BANK
2017-05-31,23424.8,NIFTY BANK
2017-06-01,23310.15,NIFTY BANK
2017-06-02,23375.9,NIFTY BANK
2017-06-05,23459.65,NIFTY BANK
2017-06-06,23416.3,NIFTY BANK
2017-06-07,23567.65,NIFTY BANK
2017-06-08,23536.1,NIFTY BANK
2017-06-09,23690.9,NIFTY BANK
2017-06-12,23470.45,NIFTY BANK
2017-06-13,23477.85,NIFTY BANK
2017-06-14,23498.7,NIFTY BANK
2017-06-15,23391.75,NIFTY BANK
2017-06-16,23502.75,NIFTY BANK
2017-06-19,23742.15,NIFTY BANK
2017-06-20,23697.95,NIFTY BANK
2017-06-21,23708.75,NIFTY BANK
2017-06-22,23736.1,NIFTY BANK
2017-06-23,23542.75,NIFTY BANK
2017-06-27,23216.25,NIFTY BANK
2017-06-28,23235.85,NIFTY BANK
2017-06-29,23227.3,NIFTY BANK
2017-06-30,23211.2,NIFTY BANK
2017-07-03,23272.8,NIFTY BANK
2017-07-04,23214.2,NIFTY BANK
2017-07-05,23352.6,NIFTY BANK
2017-07-06,23466.65,NIFTY BANK
2017-07-07,23449.15,NIFTY BANK
2017-07-10,23675.05,NIFTY BANK
2017-07-11,23584.6,NIFTY BANK
2017-07-12,23695.45,NIFTY BANK
2017-07-13,23888.65,NIFTY BANK
2017-07-14,23937.7,NIFTY BANK
2017-07-17,24015.05,NIFTY BANK
2017-07-18,24022.05,NIFTY BANK
2017-07-19,24152.65,NIFTY BANK
2017-07-20,24213.35,NIFTY BANK
2017-07-21,24257.05,NIFTY BANK
2017-07-24,24420.85,NIFTY BANK
2017-07-25,24520.7,NIFTY BANK
2017-07-26,24670.7,NIFTY BANK
2017-07-27,24922.4,NIFTY BANK
2017-07-28,24811.3,NIFTY BANK
2017-07-31,25103.65,NIFTY BANK
2017-08-01,25122.8,NIFTY BANK
2017-08-02,25055.2,NIFTY BANK
2017-08-03,24675.05,NIFTY BANK
2017-08-04,24827.45,NIFTY BANK
2017-08-07,24906.35,NIFTY BANK
2017-08-08,24599.5,NIFTY BANK
2017-08-09,24374.6,NIFTY BANK
2017-08-10,24217.35,NIFTY BANK
2017-08-11,23985.75,NIFTY BANK
2017-08-14,24115.75,NIFTY BANK
2017-08-16,24437.7,NIFTY BANK
2017-08-17,24237.25,NIFTY BANK
2017-08-18,24074.45,NIFTY BANK
2017-08-21,23936.5,NIFTY BANK
2017-08-22,23974.45,NIFTY BANK
2017-08-23,24316.8,NIFTY BANK
2017-08-24,24274.2,NIFTY BANK
2017-08-28,24377.1,NIFTY BANK
2017-08-29,24128.95,NIFTY BANK
2017-08-30,24308.7,NIFTY BANK
2017-08-31,24318.4,NIFTY BANK
2017-09-01,24434,NIFTY BANK
2017-09-04,24236.85,NIFTY BANK
2017-09-05,24328.3,NIFTY BANK
2017-09-06,24279.15,NIFTY BANK
2017-09-07,24304.9,NIFTY BANK
2017-09-08,24370.8,NIFTY BANK
2017-09-11,24672.25,NIFTY BANK
2017-09-12,24784.7,NIFTY BANK
2017-09-13,24831.8,NIFTY BANK
2017-09-14,24912.25,NIFTY BANK
2017-09-15,24844.3,NIFTY BANK
2017-09-18,25046.9,NIFTY BANK
2017-09-19,25041.55,NIFTY BANK
2017-09-20,24965.05,NIFTY BANK
2017-09-21,24799.25,NIFTY BANK
2017-09-22,24368.85,NIFTY BANK
2017-09-25,24165.05,NIFTY BANK
2017-09-26,24199.15,NIFTY BANK
2017-09-27,23812.95,NIFTY BANK
2017-09-28,24008.15,NIFTY BANK
2017-09-29,24053,NIFTY BANK
2017-10-03,24103.4,NIFTY BANK
2017-10-04,24113.3,NIFTY BANK
2017-10-05,24058.05,NIFTY BANK
2017-10-06,24190,NIFTY BANK
2017-10-09,24251.9,NIFTY BANK
2017-10-10,24347.45,NIFTY BANK
2017-10-11,24107.45,NIFTY BANK
2017-10-12,24361.25,NIFTY BANK
2017-10-13,24689.15,NIFTY BANK
2017-10-16,24703.05,NIFTY BANK
2017-10-17,24645.6,NIFTY BANK
2017-10-18,24313.75,NIFTY BANK
2017-10-19,24009.75,NIFTY BANK
2017-10-23,24088.9,NIFTY BANK
2017-10-24,24222.15,NIFTY BANK
2017-10-25,25035.9,NIFTY BANK
2017-10-26,25022.2,NIFTY BANK
2017-10-27,24839.55,NIFTY BANK
2017-10-30,24988.55,NIFTY BANK
2017-10-31,25019.35,NIFTY BANK
2017-11-01,25490.45,NIFTY BANK
2017-11-02,25427.3,NIFTY BANK
2017-11-03,25650.7,NIFTY BANK
2017-11-06,25571.15,NIFTY BANK
2017-11-07,25300.8,NIFTY BANK
2017-11-08,25184.35,NIFTY BANK
2017-11-09,25291.35,NIFTY BANK
2017-11-10,25498.95,NIFTY BANK
2017-11-13,25358.3,NIFTY BANK
2017-11-14,25284.6,NIFTY BANK
2017-11-15,25218.9,NIFTY BANK
2017-11-16,25446.6,NIFTY BANK
2017-11-17,25728.4,NIFTY BANK
2017-11-20,25768.6,NIFTY BANK
2017-11-21,25757.5,NIFTY BANK
2017-11-22,25766.65,NIFTY BANK
2017-11-23,25736.25,NIFTY BANK
2017-11-24,25779.65,NIFTY BANK
2017-11-27,25891.95,NIFTY BANK
2017-11-28,25846.4,NIFTY BANK
2017-11-29,25795.7,NIFTY BANK
2017-11-30,25332.4,NIFTY BANK
2017-12-01,25191.95,NIFTY BANK
2017-12-04,25075.1,NIFTY BANK
2017-12-05,25124.85,NIFTY BANK
2017-12-06,24851.8,NIFTY BANK
2017-12-07,25057.25,NIFTY BANK
2017-12-08,25321.15,NIFTY BANK
2017-12-11,25404.85,NIFTY BANK
2017-12-12,25125.45,NIFTY BANK
2017-12-13,25000.35,NIFTY BANK
2017-12-14,25168.2,NIFTY BANK
2017-12-15,25440.3,NIFTY BANK
2017-12-18,25594.55,NIFTY BANK
2017-12-19,25716.2,NIFTY BANK
2017-12-20,25591.7,NIFTY BANK
2017-12-21,25554.3,NIFTY BANK
2017-12-22,25648.55,NIFTY BANK
2017-12-26,25675.25,NIFTY BANK
2017-12-27,25496.05,NIFTY BANK
2017-12-28,25490,NIFTY BANK
2017-12-29,25539.45,NIFTY BANK
2018-01-01,25318.1,NIFTY BANK
2018-01-02,25338.25,NIFTY BANK
2018-01-03,25318.6,NIFTY BANK
2018-01-04,25462.6,NIFTY BANK
2018-01-05,25601.85,NIFTY BANK
2018-01-08,25676.1,NIFTY BANK
2018-01-09,25703.8,NIFTY BANK
2018-01-10,25617.3,NIFTY BANK
2018-01-11,25660.9,NIFTY BANK
2018-01-12,25749.05,NIFTY BANK
2018-01-15,26069.2,NIFTY BANK
2018-01-16,25974.9,NIFTY BANK
2018-01-17,26289.1,NIFTY BANK
2018-01-18,26537.4,NIFTY BANK
2018-01-19,26909.5,NIFTY BANK
2018-01-22,27041.2,NIFTY BANK
2018-01-23,27390.6,NIFTY BANK
2018-01-24,27398.55,NIFTY BANK
2018-01-25,27445.65,NIFTY BANK
2018-01-29,27498.45,NIFTY BANK
2018-01-30,27269.05,NIFTY BANK
2018-01-31,27379.45,NIFTY BANK
2018-02-01,27220.7,NIFTY BANK
2018-02-02,26451.15,NIFTY BANK
2018-02-05,26098.75,NIFTY BANK
2018-02-06,25811.3,NIFTY BANK
2018-02-07,25670,NIFTY BANK
2018-02-08,25920.65,NIFTY BANK
2018-02-09,25463.65,NIFTY BANK
2018-02-12,25701.6,NIFTY BANK
2018-02-14,25341.25,NIFTY BANK
2018-02-15,25424.35,NIFTY BANK
2018-02-16,25163.9,NIFTY BANK
2018-02-19,25058.55,NIFTY BANK
2018-02-20,24874.4,NIFTY BANK
2018-02-21,24936.7,NIFTY BANK
2018-02-22,24955.2,NIFTY BANK
2018-02-23,25302.5,NIFTY BANK
2018-02-26,25687.9,NIFTY BANK
2018-02-27,25383.6,NIFTY BANK
2018-02-28,25107.4,NIFTY BANK
2018-03-01,24902.55,NIFTY BANK
2018-03-05,24818.7,NIFTY BANK
2018-03-06,24448.45,NIFTY BANK
2018-03-07,24134.1,NIFTY BANK
2018-03-08,24477.65,NIFTY BANK
2018-03-09,24296.45,NIFTY BANK
2018-03-12,24664.2,NIFTY BANK
2018-03-13,24738.65,NIFTY BANK
2018-03-14,24851.65,NIFTY BANK
2018-03-15,24791.85,NIFTY BANK
2018-03-16,24489.55,NIFTY BANK
2018-03-19,24245.1,NIFTY BANK
2018-03-20,24168.2,NIFTY BANK
2018-03-21,24255.6,NIFTY BANK
2018-03-22,24141.5,NIFTY BANK
2018-03-23,23670.4,NIFTY BANK
2018-03-26,24244.35,NIFTY BANK
2018-03-27,24434.15,NIFTY BANK
2018-03-28,24263.35,NIFTY BANK
2018-04-02,24328.5,NIFTY BANK
2018-04-03,24510.6,NIFTY BANK
2018-04-04,24129.5,NIFTY BANK
2018-04-05,24759.8,NIFTY BANK
2018-04-06,24873.15,NIFTY BANK
2018-04-09,25093.8,NIFTY BANK
2018-04-10,25226.8,NIFTY BANK
2018-04-11,25098.25,NIFTY BANK
2018-04-12,25195.1,NIFTY BANK
2018-04-13,25200.6,NIFTY BANK
2018-04-16,25320.85,NIFTY BANK
2018-04-17,25334.45,NIFTY BANK
2018-04-18,25102.3,NIFTY BANK
2018-04-19,25126.15,NIFTY BANK
2018-04-20,24943.85,NIFTY BANK
2018-04-23,24960.65,NIFTY BANK
2018-04-24,25042.1,NIFTY BANK
2018-04-25,24814.4,NIFTY BANK
2018-04-26,25010.9,NIFTY BANK
2018-04-27,25394.6,NIFTY BANK
2018-04-30,25531.6,NIFTY BANK
2018-05-02,25568.3,NIFTY BANK
2018-05-03,25605.25,NIFTY BANK
2018-05-04,25645.4,NIFTY BANK
2018-05-07,25852.05,NIFTY BANK
2018-05-08,26090.5,NIFTY BANK
2018-05-09,26154.45,NIFTY BANK
2018-05-10,26131,NIFTY BANK
2018-05-11,26413.15,NIFTY BANK
2018-05-14,26475.15,NIFTY BANK
2018-05-15,26474,NIFTY BANK
2018-05-16,26182.15,NIFTY BANK
2018-05-17,26073.8,NIFTY BANK
2018-05-18,25875.6,NIFTY BANK
2018-05-21,25750.8,NIFTY BANK
2018-05-22,25777.7,NIFTY BANK
2018-05-23,25684.95,NIFTY BANK
2018-05-24,26016.8,NIFTY BANK
2018-05-25,26273.55,NIFTY BANK
2018-05-28,26614.25,NIFTY BANK
2018-05-29,26254.8,NIFTY BANK
2018-05-30,26327.8,NIFTY BANK
2018-05-31,26956.2,NIFTY BANK
2018-06-01,26692.8,NIFTY BANK
2018-06-04,26257.55,NIFTY BANK
2018-06-05,26251,NIFTY BANK
2018-06-06,26367.6,NIFTY BANK
2018-06-07,26517.8,NIFTY BANK
2018-06-08,26451.35,NIFTY BANK
2018-06-11,26453.55,NIFTY BANK
2018-06-12,26607.1,NIFTY BANK
2018-06-13,26642.8,NIFTY BANK
2018-06-14,26562.25,NIFTY BANK
2018-06-15,26417.4,NIFTY BANK
2018-06-18,26409.3,NIFTY BANK
2018-06-19,26265.75,NIFTY BANK
2018-06-20,26557.7,NIFTY BANK
2018-06-21,26496.95,NIFTY BANK
2018-06-22,26766.85,NIFTY BANK
2018-06-25,26609.7,NIFTY BANK
2018-06-26,26601.7,NIFTY BANK
2018-06-27,26423.4,NIFTY BANK
2018-06-28,26324.6,NIFTY BANK
2018-06-29,26364.2,NIFTY BANK
2018-07-02,26230.3,NIFTY BANK
2018-07-03,26204.1,NIFTY BANK
2018-07-04,26433.95,NIFTY BANK
2018-07-05,26503.3,NIFTY BANK
2018-07-06,26493.85,NIFTY BANK
2018-07-09,26753.3,NIFTY BANK
2018-07-10,26894.55,NIFTY BANK
2018-07-11,26816.2,NIFTY BANK
2018-07-12,27026.55,NIFTY BANK
2018-07-13,26935.95,NIFTY BANK
2018-07-16,26679.8,NIFTY BANK
2018-07-17,27008.1,NIFTY BANK
2018-07-18,26880.9,NIFTY BANK
2018-07-19,26789.65,NIFTY BANK
2018-07-20,26873.2,NIFTY BANK
2018-07-23,27008.15,NIFTY BANK
2018-07-24,26974.4,NIFTY BANK
2018-07-25,27031.3,NIFTY BANK
2018-07-26,27406.4,NIFTY BANK
2018-07-27,27634.4,NIFTY BANK
2018-07-30,27842.6,NIFTY BANK
2018-07-31,27764.15,NIFTY BANK
2018-08-01,27596.6,NIFTY BANK
2018-08-02,27355.95,NIFTY BANK
2018-08-03,27695.5,NIFTY BANK
2018-08-06,27898.5,NIFTY BANK
2018-08-07,27875.9,NIFTY BANK
2018-08-08,28062.45,NIFTY BANK
2018-08-09,28320,NIFTY BANK
2018-08-10,28124.25,NIFTY BANK
2018-08-13,27794.4,NIFTY BANK
2018-08-14,28021.7,NIFTY BANK
2018-08-16,27826.55,NIFTY BANK
2018-08-17,28128.55,NIFTY BANK
2018-08-20,28274.25,NIFTY BANK
2018-08-21,28257.9,NIFTY BANK
2018-08-23,28027.9,NIFTY BANK
2018-08-24,27834.7,NIFTY BANK
2018-08-27,28264.2,NIFTY BANK
2018-08-28,28269.65,NIFTY BANK
2018-08-29,28224.1,NIFTY BANK
2018-08-30,28103.25,NIFTY BANK
2018-08-31,28061.75,NIFTY BANK
2018-09-03,27819.5,NIFTY BANK
2018-09-04,27430.75,NIFTY BANK
2018-09-05,27376.05,NIFTY BANK
2018-09-06,27468.7,NIFTY BANK
2018-09-07,27481.45,NIFTY BANK
2018-09-10,27201.75,NIFTY BANK
2018-09-11,26807.5,NIFTY BANK
2018-09-12,26819.2,NIFTY BANK
2018-09-14,27163.85,NIFTY BANK
2018-09-17,26820.3,NIFTY BANK
2018-09-18,26441.45,NIFTY BANK
2018-09-19,26277.35,NIFTY BANK
2018-09-21,25596.9,NIFTY BANK
2018-09-24,24970.35,NIFTY BANK
2018-09-25,25330.35,NIFTY BANK
2018-09-26,25376.3,NIFTY BANK
2018-09-27,25042.15,NIFTY BANK
2018-09-28,25119.85,NIFTY BANK
2018-10-01,25367,NIFTY BANK
2018-10-03,25069.9,NIFTY BANK
2018-10-04,24819.3,NIFTY BANK
2018-10-05,24443.45,NIFTY BANK
2018-10-08,24618.35,NIFTY BANK
2018-10-09,24527.65,NIFTY BANK
2018-10-10,25321.7,NIFTY BANK
2018-10-11,24783.95,NIFTY BANK
2018-10-12,25395.85,NIFTY BANK
2018-10-15,25388.05,NIFTY BANK
2018-10-16,25589.65,NIFTY BANK
2018-10-17,25188.6,NIFTY BANK
2018-10-19,25085.8,NIFTY BANK
2018-10-22,25078.6,NIFTY BANK
2018-10-23,24972.45,NIFTY BANK
2018-10-24,25064.2,NIFTY BANK
2018-10-25,24817.45,NIFTY BANK
2018-10-26,24421.05,NIFTY BANK
2018-10-29,24959.7,NIFTY BANK
2018-10-30,24807.75,NIFTY BANK
2018-10-31,25153.25,NIFTY BANK
2018-11-01,25323.65,NIFTY BANK
2018-11-02,25701.65,NIFTY BANK
2018-11-05,25732.2,NIFTY BANK
2018-11-06,25598,NIFTY BANK
2018-11-07,25737.5,NIFTY BANK
2018-11-09,25771,NIFTY BANK
2018-11-12,25539.75,NIFTY BANK
2018-11-13,25768.6,NIFTY BANK
2018-11-14,25930.15,NIFTY BANK
2018-11-15,26154.75,NIFTY BANK
2018-11-16,26245.55,NIFTY BANK
2018-11-19,26300.7,NIFTY BANK
2018-11-20,26113.35,NIFTY BANK
2018-11-21,26262.05,NIFTY BANK
2018-11-22,25999.45,NIFTY BANK
2018-11-26,26365.6,NIFTY BANK
2018-11-27,26443.1,NIFTY BANK
2018-11-28,26457.95,NIFTY BANK
2018-11-29,26939.6,NIFTY BANK
2018-11-30,26862.95,NIFTY BANK
2018-12-03,26857.55,NIFTY BANK
2018-12-04,26693.8,NIFTY BANK
2018-12-05,26519.6,NIFTY BANK
2018-12-06,26198.3,NIFTY BANK
2018-12-07,26594.3,NIFTY BANK
2018-12-10,26102.65,NIFTY BANK
2018-12-11,26163.4,NIFTY BANK
2018-12-12,26643.85,NIFTY BANK
2018-12-13,26816.35,NIFTY BANK
2018-12-14,26826,NIFTY BANK
2018-12-17,27015.8,NIFTY BANK
2018-12-18,27174.7,NIFTY BANK
2018-12-19,27298.4,NIFTY BANK
2018-12-20,27275.1,NIFTY BANK
2018-12-21,26869.65,NIFTY BANK
2018-12-24,26714.75,NIFTY BANK
2018-12-26,26986.8,NIFTY BANK
2018-12-27,26878.55,NIFTY BANK
2018-12-28,27125.25,NIFTY BANK
2018-12-31,27160.2,NIFTY BANK
2019-01-01,27392.4,NIFTY BANK
2019-01-02,27174.7,NIFTY BANK
2019-01-03,26959.85,NIFTY BANK
2019-01-04,27195,NIFTY BANK
2019-01-07,27304.55,NIFTY BANK
2019-01-08,27509.5,NIFTY BANK
2019-01-09,27720.4,NIFTY BANK
2019-01-10,27528.55,NIFTY BANK
2019-01-11,27453.9,NIFTY BANK
2019-01-14,27248.25,NIFTY BANK
2019-01-15,27400.75,NIFTY BANK
2019-01-16,27483.7,NIFTY BANK
2019-01-17,27528.75,NIFTY BANK
2019-01-18,27456.7,NIFTY BANK
2019-01-21,27533.6,NIFTY BANK
2019-01-22,27482.25,NIFTY BANK
2019-01-23,27250.75,NIFTY BANK
2019-01-24,27266.4,NIFTY BANK
2019-01-25,27115.3,NIFTY BANK
2019-01-28,26653.05,NIFTY BANK
2019-01-29,26573.4,NIFTY BANK
2019-01-30,26825.5,NIFTY BANK
2019-01-31,27295.45,NIFTY BANK
2019-02-01,27085.95,NIFTY BANK
2019-02-04,27186.6,NIFTY BANK
2019-02-05,27271.7,NIFTY BANK
2019-02-06,27402.35,NIFTY BANK
2019-02-07,27387.15,NIFTY BANK
2019-02-08,27294.4,NIFTY BANK
2019-02-11,27227.8,NIFTY BANK
2019-02-12,27010.75,NIFTY BANK
2019-02-13,26885.4,NIFTY BANK
2019-02-14,26970.6,NIFTY BANK
2019-02-15,26794.25,NIFTY BANK
2019-02-18,26654.25,NIFTY BANK
2019-02-19,26684.85,NIFTY BANK
2019-02-20,26955.5,NIFTY BANK
2019-02-21,27052.4,NIFTY BANK
2019-02-22,26867.55,NIFTY BANK
2019-02-25,27159.25,NIFTY BANK
2019-02-26,26952.95,NIFTY BANK
2019-02-27,26799.3,NIFTY BANK
2019-02-28,26789.9,NIFTY BANK
2019-03-01,27043.9,NIFTY BANK
2019-03-05,27554.05,NIFTY BANK
2019-03-06,27625.65,NIFTY BANK
2019-03-07,27764.6,NIFTY BANK
2019-03-08,27761.8,NIFTY BANK
2019-03-11,27966.65,NIFTY BANK
2019-03-12,28443.7,NIFTY BANK
2019-03-13,28884.3,NIFTY BANK
2019-03-14,28923.1,NIFTY BANK
2019-03-15,29381.45,NIFTY BANK
2019-03-18,29596.1,NIFTY BANK
2019-03-19,29767.85,NIFTY BANK
2019-03-20,29832.2,NIFTY BANK
2019-03-22,29582.5,NIFTY BANK
2019-03-25,29281.2,NIFTY BANK
2019-03-26,29882.15,NIFTY BANK
2019-03-27,30019.8,NIFTY BANK
2019-03-28,30420.55,NIFTY BANK
2019-03-29,30426.8,NIFTY BANK
2019-04-01,30326.5,NIFTY BANK
2019-04-02,30354.25,NIFTY BANK
2019-04-03,30093.3,NIFTY BANK
2019-04-04,29904.9,NIFTY BANK
2019-04-05,30084.65,NIFTY BANK
2019-04-08,29845.3,NIFTY BANK
2019-04-09,30113.85,NIFTY BANK
2019-04-10,29803.5,NIFTY BANK
2019-04-11,29786.1,NIFTY BANK
2019-04-12,29938.55,NIFTY BANK
2019-04-15,30104.25,NIFTY BANK
2019-04-16,30531.35,NIFTY BANK
2019-04-18,30223.4,NIFTY BANK
2019-04-22,29687.95,NIFTY BANK
2019-04-23,29479.7,NIFTY BANK
2019-04-24,29860.8,NIFTY BANK
2019-04-25,29561.35,NIFTY BANK
2019-04-26,30013.5,NIFTY BANK
2019-04-30,29764.8,NIFTY BANK
2019-05-02,29708.6,NIFTY BANK
2019-05-03,29954.15,NIFTY BANK
2019-05-06,29618.45,NIFTY BANK
2019-05-07,29288.2,NIFTY BANK
2019-05-08,28994.4,NIFTY BANK
2019-05-09,28884.6,NIFTY BANK
2019-05-10,29040.5,NIFTY BANK
2019-05-13,28659.95,NIFTY BANK
2019-05-14,28829.2,NIFTY BANK
2019-05-15,28616.45,NIFTY BANK
2019-05-16,28855.3,NIFTY BANK
2019-05-17,29450.15,NIFTY BANK
2019-05-20,30759.7,NIFTY BANK
2019-05-21,30308.4,NIFTY BANK
2019-05-22,30526.8,NIFTY BANK
2019-05-23,30409.1,NIFTY BANK
2019-05-24,31212.55,NIFTY BANK
2019-05-27,31647.65,NIFTY BANK
2019-05-28,31597.9,NIFTY BANK
2019-05-29,31295.55,NIFTY BANK
2019-05-30,31537.1,NIFTY BANK
2019-05-31,31375.4,NIFTY BANK
2019-06-03,31653.65,NIFTY BANK
2019-06-04,31589.05,NIFTY BANK
2019-06-06,30857.4,NIFTY BANK
2019-06-07,31066.55,NIFTY BANK
2019-06-10,31034,NIFTY BANK
2019-06-11,31265.45,NIFTY BANK
2019-06-12,30965.7,NIFTY BANK
2019-06-13,30976.1,NIFTY BANK
2019-06-14,30614.35,NIFTY BANK
2019-06-17,30273.25,NIFTY BANK
2019-06-18,30351,NIFTY BANK
2019-06-19,30362.1,NIFTY BANK
2019-06-20,30781.1,NIFTY BANK
2019-06-21,30628.35,NIFTY BANK
2019-06-24,30602.05,NIFTY BANK
2019-06-25,30847.05,NIFTY BANK
2019-06-26,31162.35,NIFTY BANK
2019-06-27,31269.5,NIFTY BANK
2019-06-28,31105.2,NIFTY BANK
2019-07-01,31372.2,NIFTY BANK
2019-07-02,31283.3,NIFTY BANK
2019-07-03,31382.3,NIFTY BANK
2019-07-04,31471.85,NIFTY BANK
2019-07-05,31475.8,NIFTY BANK
2019-07-08,30603.85,NIFTY BANK
2019-07-09,30569.15,NIFTY BANK
2019-07-10,30522.1,NIFTY BANK
2019-07-11,30716.55,NIFTY BANK
2019-07-12,30601.45,NIFTY BANK
2019-07-15,30445.95,NIFTY BANK
2019-07-16,30570.8,NIFTY BANK
2019-07-17,30735.5,NIFTY BANK
2019-07-18,30430.6,NIFTY BANK
2019-07-19,29770.35,NIFTY BANK
2019-07-22,29284.95,NIFTY BANK
2019-07-23,29128.1,NIFTY BANK
2019-07-24,28952.25,NIFTY BANK
2019-07-25,29043.05,NIFTY BANK
2019-07-26,29325.3,NIFTY BANK
2019-07-29,29295.9,NIFTY BANK
2019-07-30,28791.6,NIFTY BANK
2019-07-31,28876,NIFTY BANK
2019-08-01,28367.25,NIFTY BANK
2019-08-02,28204.95,NIFTY BANK
2019-08-05,27648.05,NIFTY BANK
2019-08-06,28022.1,NIFTY BANK
2019-08-07,27702.05,NIFTY BANK
2019-08-08,28110.45,NIFTY BANK
2019-08-09,28431.9,NIFTY BANK
2019-08-13,27729.1,NIFTY BANK
2019-08-14,28019.2,NIFTY BANK
2019-08-16,28217,NIFTY BANK
2019-08-19,28186.1,NIFTY BANK
2019-08-20,27982.45,NIFTY BANK
2019-08-21,27719.05,NIFTY BANK
2019-08-22,27034.2,NIFTY BANK
2019-08-23,26958.65,NIFTY BANK
2019-08-26,27951.35,NIFTY BANK
2019-08-27,28126.15,NIFTY BANK
2019-08-28,27804.3,NIFTY BANK
2019-08-29,27305.2,NIFTY BANK
2019-08-30,27427.85,NIFTY BANK
2019-09-03,26824.15,NIFTY BANK
2019-09-04,27123.85,NIFTY BANK
2019-09-05,26919.7,NIFTY BANK
2019-09-06,27247.9,NIFTY BANK
2019-09-09,27504.65,NIFTY BANK
2019-09-11,27776.2,NIFTY BANK
2019-09-12,27818.5,NIFTY BANK
2019-09-13,28098.75,NIFTY BANK
2019-09-16,27855,NIFTY BANK
2019-09-17,27131.75,NIFTY BANK
2019-09-18,27172.65,NIFTY BANK
2019-09-19,26757.65,NIFTY BANK
2019-09-20,28981.55,NIFTY BANK
2019-09-23,30566.2,NIFTY BANK
2019-09-24,30183.1,NIFTY BANK
2019-09-25,29586.05,NIFTY BANK
2019-09-26,30002.6,NIFTY BANK
2019-09-27,29876.65,NIFTY BANK
2019-09-30,29103.15,NIFTY BANK
2019-10-01,28725.5,NIFTY BANK
2019-10-03,28414.1,NIFTY BANK
2019-10-04,27731.85,NIFTY BANK
2019-10-07,27767.55,NIFTY BANK
2019-10-09,28785.85,NIFTY BANK
2019-10-10,28013.45,NIFTY BANK
2019-10-11,28042.5,NIFTY BANK
2019-10-14,28181.95,NIFTY BANK
2019-10-15,28555.1,NIFTY BANK
2019-10-16,28538.8,NIFTY BANK
2019-10-17,28989.45,NIFTY BANK
2019-10-18,29120.25,NIFTY BANK
2019-10-22,29411.15,NIFTY BANK
2019-10-23,29459.6,NIFTY BANK
2019-10-24,29107.95,NIFTY BANK
2019-10-25,29395.95,NIFTY BANK
2019-10-27,29516.3,NIFTY BANK
2019-10-29,29873.05,NIFTY BANK
2019-10-30,29987.5,NIFTY BANK
2019-10-31,30066.25,NIFTY BANK
2019-11-01,30330.55,NIFTY BANK
2019-11-04,30333.1,NIFTY BANK
2019-11-05,30219.85,NIFTY BANK
2019-11-06,30609.6,NIFTY BANK
2019-11-07,30633.15,NIFTY BANK
2019-11-08,30749.4,NIFTY BANK
2019-11-11,31115.55,NIFTY BANK
2019-11-13,30541.55,NIFTY BANK
2019-11-14,30749.95,NIFTY BANK
2019-11-15,31008.4,NIFTY BANK
2019-11-18,30992.1,NIFTY BANK
2019-11-19,31236.25,NIFTY BANK
2019-11-20,31353.85,NIFTY BANK
2019-11-21,31349.95,NIFTY BANK
2019-11-22,31111.6,NIFTY BANK
2019-11-25,31555.9,NIFTY BANK
2019-11-26,31718.35,NIFTY BANK
2019-11-27,31875.95,NIFTY BANK
2019-11-28,32122.95,NIFTY BANK
2019-11-29,31946.1,NIFTY BANK
2019-12-02,31871.45,NIFTY BANK
2019-12-03,31613.35,NIFTY BANK
2019-12-04,31979.3,NIFTY BANK
2019-12-05,31712.95,NIFTY BANK
2019-12-06,31341.55,NIFTY BANK
2019-12-09,31316.65,NIFTY BANK
2019-12-10,31160.35,NIFTY BANK
2019-12-11,31256.75,NIFTY BANK
2019-12-12,31665.45,NIFTY BANK
2019-12-13,32014.25,NIFTY BANK
2019-12-16,31974.2,NIFTY BANK
2019-12-17,32140.25,NIFTY BANK
2019-12-18,32244.25,NIFTY BANK
2019-12-19,32241.45,NIFTY BANK
2019-12-20,32384.95,NIFTY BANK
2019-12-23,32339.45,NIFTY BANK
2019-12-24,32280.75,NIFTY BANK
2019-12-26,31997.7,NIFTY BANK
2019-12-27,32412.35,NIFTY BANK
2019-12-30,32354.9,NIFTY BANK
2019-12-31,32161.65,NIFTY BANK
2020-01-01,32102.9,NIFTY BANK
2020-01-02,32443.85,NIFTY BANK
2020-01-03,32069.25,NIFTY BANK
2020-01-06,31237.15,NIFTY BANK
2020-01-07,31399.4,NIFTY BANK
2020-01-08,31373.65,NIFTY BANK
2020-01-09,32092.4,NIFTY BANK
2020-01-10,32097.4,NIFTY BANK
2020-01-13,32177.65,NIFTY BANK
2020-01-14,32071.65,NIFTY BANK
2020-01-15,31824.9,NIFTY BANK
2020-01-16,31853.9,NIFTY BANK
2020-01-17,31590.65,NIFTY BANK
2020-01-20,31080.65,NIFTY BANK
2020-01-21,30947.55,NIFTY BANK
2020-01-22,30701.45,NIFTY BANK
2020-01-23,31004.05,NIFTY BANK
2020-01-24,31241.75,NIFTY BANK
2020-01-27,30837.4,NIFTY BANK
2020-01-28,30761.4,NIFTY BANK
2020-01-29,30877,NIFTY BANK
2020-01-30,30647.4,NIFTY BANK
2020-01-31,30833.6,NIFTY BANK
2020-02-01,29820.9,NIFTY BANK
2020-02-03,30023.25,NIFTY BANK
2020-02-04,30686.7,NIFTY BANK
2020-02-05,31001.95,NIFTY BANK
2020-02-06,31304.05,NIFTY BANK
2020-02-07,31201.95,NIFTY BANK
2020-02-10,31058.15,NIFTY BANK
2020-02-11,31300.6,NIFTY BANK
2020-02-12,31492.9,NIFTY BANK
2020-02-13,31230.25,NIFTY BANK
2020-02-14,30834.8,NIFTY BANK
2020-02-17,30680.7,NIFTY BANK
2020-02-18,30562.5,NIFTY BANK
2020-02-19,30838.2,NIFTY BANK
2020-02-20,30942.85,NIFTY BANK
2020-02-24,30455.1,NIFTY BANK
2020-02-25,30432.7,NIFTY BANK
2020-02-26,30306.85,NIFTY BANK
2020-02-27,30187,NIFTY BANK
2020-02-28,29147.15,NIFTY BANK
2020-03-02,28868.4,NIFTY BANK
2020-03-03,29177.05,NIFTY BANK
2020-03-04,28653.7,NIFTY BANK
2020-03-05,28815.35,NIFTY BANK
2020-03-06,27801.45,NIFTY BANK
2020-03-09,26462.6,NIFTY BANK
2020-03-11,26487.8,NIFTY BANK
2020-03-12,23971.15,NIFTY BANK
2020-03-13,25166.45,NIFTY BANK
2020-03-16,23101.15,NIFTY BANK
2020-03-17,22155.15,NIFTY BANK
2020-03-18,20580.2,NIFTY BANK
2020-03-19,20083.5,NIFTY BANK
2020-03-20,20317.6,NIFTY BANK
2020-03-23,16917.65,NIFTY BANK
2020-03-24,17107.3,NIFTY BANK
2020-03-25,18481.05,NIFTY BANK
2020-03-26,19613.9,NIFTY BANK
2020-03-27,19969,NIFTY BANK
2020-03-30,18782.4,NIFTY BANK
2020-03-31,19144,NIFTY BANK
2020-04-01,18208.35,NIFTY BANK
2020-04-03,17249.3,NIFTY BANK
2020-04-07,19062.5,NIFTY BANK
2020-04-08,18946.45,NIFTY BANK
2020-04-09,19913.6,NIFTY BANK
2020-04-13,19488,NIFTY BANK
2020-04-15,19057.05,NIFTY BANK
2020-04-16,19400,NIFTY BANK
2020-04-17,20681.45,NIFTY BANK
2020-04-20,20522.65,NIFTY BANK
2020-04-21,19409.35,NIFTY BANK
2020-04-22,19701.85,NIFTY BANK
2020-04-23,20267.95,NIFTY BANK
2020-04-24,19586.65,NIFTY BANK
2020-04-27,20081.15,NIFTY BANK
2020-04-28,20671.1,NIFTY BANK
2020-04-29,21090.2,NIFTY BANK
2020-04-30,21534.5,NIFTY BANK
2020-05-04,19743.75,NIFTY BANK
2020-05-05,19271.75,NIFTY BANK
2020-05-06,19694.55,NIFTY BANK
2020-05-07,19491.8,NIFTY BANK
2020-05-08,19352.9,NIFTY BANK
2020-05-11,18950.5,NIFTY BANK
2020-05-12,18862.85,NIFTY BANK
2020-05-13,19634.95,NIFTY BANK
2020-05-14,19068.5,NIFTY BANK
2020-05-15,18833.95,NIFTY BANK
2020-05-18,17573.2,NIFTY BANK
2020-05-19,17486.25,NIFTY BANK
2020-05-20,17840.2,NIFTY BANK
2020-05-21,17735.1,NIFTY BANK
2020-05-22,17278.9,NIFTY BANK
2020-05-26,17440.35,NIFTY BANK
2020-05-27,18710.55,NIFTY BANK
2020-05-28,19169.8,NIFTY BANK
2020-05-29,19297.25,NIFTY BANK
2020-06-01,19959.9,NIFTY BANK
2020-06-02,20530.2,NIFTY BANK
2020-06-03,20940.7,NIFTY BANK
2020-06-04,20390.45,NIFTY BANK
2020-06-05,21034.5,NIFTY BANK
2020-06-08,21187.35,NIFTY BANK
2020-06-09,20724.9,NIFTY BANK
2020-06-10,21100.1,NIFTY BANK
2020-06-11,20525.15,NIFTY BANK
2020-06-12,20654.55,NIFTY BANK
2020-06-15,19912.9,NIFTY BANK
2020-06-16,20296.7,NIFTY BANK
2020-06-17,20201.75,NIFTY BANK
2020-06-18,20956.3,NIFTY BANK
2020-06-19,21338.1,NIFTY BANK
2020-06-22,21708.35,NIFTY BANK
2020-06-23,22264.9,NIFTY BANK
2020-06-24,21426.8,NIFTY BANK
2020-06-25,21506.15,NIFTY BANK
2020-06-26,21592.05,NIFTY BANK
2020-06-29,21359,NIFTY BANK
2020-06-30,21370.15,NIFTY BANK
2020-07-01,21977.6,NIFTY BANK
2020-07-02,21953.2,NIFTY BANK
2020-07-03,21852.4,NIFTY BANK
2020-07-06,22198.95,NIFTY BANK
2020-07-07,22628,NIFTY BANK
2020-07-08,22584.65,NIFTY BANK
2020-07-09,22907.2,NIFTY BANK
2020-07-10,22398.45,NIFTY BANK
2020-07-13,22089.25,NIFTY BANK
2020-07-14,21392.2,NIFTY BANK
2020-07-15,21340.75,NIFTY BANK
2020-07-16,21597.15,NIFTY BANK
2020-07-17,21966.8,NIFTY BANK
2020-07-20,22321.85,NIFTY BANK
2020-07-21,22782,NIFTY BANK
2020-07-22,22882.6,NIFTY BANK
2020-07-23,23083.9,NIFTY BANK
2020-07-24,22662.05,NIFTY BANK
2020-07-27,21848.75,NIFTY BANK
2020-07-28,22105.2,NIFTY BANK
2020-07-29,22076.6,NIFTY BANK
2020-07-30,21646.85,NIFTY BANK
2020-07-31,21640.05,NIFTY BANK
2020-08-03,21072.1,NIFTY BANK
2020-08-04,21490.5,NIFTY BANK
2020-08-05,21509.95,NIFTY BANK
2020-08-06,21642.6,NIFTY BANK
2020-08-07,21754,NIFTY BANK
2020-08-10,21900.25,NIFTY BANK
2020-08-11,22227.2,NIFTY BANK
2020-08-12,22264,NIFTY BANK
2020-08-13,22196.35,NIFTY BANK
2020-08-14,21679.4,NIFTY BANK
2020-08-17,21700.85,NIFTY BANK
2020-08-18,22170.6,NIFTY BANK
2020-08-19,22285.9,NIFTY BANK
2020-08-20,21999.45,NIFTY BANK
2020-08-21,22299.6,NIFTY BANK
2020-08-24,22833,NIFTY BANK
2020-08-25,23092.15,NIFTY BANK
2020-08-26,23414.2,NIFTY BANK
2020-08-27,23600.35,NIFTY BANK
2020-08-28,24523.8,NIFTY BANK
2020-08-31,23754.35,NIFTY BANK
2020-09-01,23812,NIFTY BANK
2020-09-02,23874.55,NIFTY BANK
2020-09-03,23530.85,NIFTY BANK
2020-09-04,23011.5,NIFTY BANK
2020-09-07,22945.05,NIFTY BANK
2020-09-08,22744.4,NIFTY BANK
2020-09-09,22267,NIFTY BANK
2020-09-10,22466.2,NIFTY BANK
2020-09-11,22479.95,NIFTY BANK
2020-09-14,22101.25,NIFTY BANK
2020-09-15,22465.65,NIFTY BANK
2020-09-16,22573.55,NIFTY BANK
2020-09-17,22320.35,NIFTY BANK
2020-09-18,22031.05,NIFTY BANK
2020-09-21,21366.8,NIFTY BANK
2020-09-22,21139.1,NIFTY BANK
2020-09-23,21178.5,NIFTY BANK
2020-09-24,20456.85,NIFTY BANK
2020-09-25,20982.35,NIFTY BANK
2020-09-28,21665.5,NIFTY BANK
2020-09-29,21411.3,NIFTY BANK
2020-09-30,21451.8,NIFTY BANK
2020-10-01,22246,NIFTY BANK
2020-10-05,22370.95,NIFTY BANK
2020-10-06,22853.7,NIFTY BANK
2020-10-07,22964.8,NIFTY BANK
2020-10-08,23191.35,NIFTY BANK
2020-10-09,23846.8,NIFTY BANK
2020-10-12,23712.8,NIFTY BANK
2020-10-13,23492.2,NIFTY BANK
2020-10-14,23874.65,NIFTY BANK
2020-10-15,23072.4,NIFTY BANK
2020-10-16,23533.25,NIFTY BANK
2020-10-19,24266.75,NIFTY BANK
2020-10-20,24311.8,NIFTY BANK
2020-10-21,24635.05,NIFTY BANK
2020-10-22,24484.15,NIFTY BANK
2020-10-23,24478.3,NIFTY BANK
2020-10-26,24075.45,NIFTY BANK
2020-10-27,24769.5,NIFTY BANK
2020-10-28,24232.5,NIFTY BANK
2020-10-29,24092,NIFTY BANK
2020-10-30,23900.9,NIFTY BANK
2020-11-02,24892.5,NIFTY BANK
2020-11-03,25682.8,NIFTY BANK
2020-11-04,25771.6,NIFTY BANK
2020-11-05,26313.1,NIFTY BANK
2020-11-06,26798.95,NIFTY BANK
2020-11-09,27534.1,NIFTY BANK
2020-11-10,28606,NIFTY BANK
2020-11-11,28845,NIFTY BANK
2020-11-12,28278.8,NIFTY BANK
2020-11-13,28465.7,NIFTY BANK
2020-11-14,28594.3,NIFTY BANK
2020-11-17,29181.3,NIFTY BANK
2020-11-18,29749.85,NIFTY BANK
2020-11-19,28903.05,NIFTY BANK
2020-11-20,29236,NIFTY BANK
2020-11-23,29024.2,NIFTY BANK
2020-11-24,29737.25,NIFTY BANK
2020-11-25,29196.4,NIFTY BANK
2020-11-26,29549.75,NIFTY BANK
2020-11-27,29609.05,NIFTY BANK
2020-12-01,29817.85,NIFTY BANK
2020-12-02,29463.15,NIFTY BANK
2020-12-03,29448.75,NIFTY BANK
2020-12-04,30052.4,NIFTY BANK
2020-12-07,30211.55,NIFTY BANK
2020-12-08,30261.9,NIFTY BANK
2020-12-09,30709.4,NIFTY BANK
2020-12-10,30510.35,NIFTY BANK
2020-12-11,30604.85,NIFTY BANK
2020-12-14,30745.9,NIFTY BANK
2020-12-15,30691.05,NIFTY BANK
2020-12-16,30698.4,NIFTY BANK
2020-12-17,30847.05,NIFTY BANK
2020-12-18,30714.65,NIFTY BANK
2020-12-21,29456.45,NIFTY BANK
2020-12-22,29625.95,NIFTY BANK
2020-12-23,29883.3,NIFTY BANK
2020-12-24,30402.2,NIFTY BANK
2020-12-28,30880.95,NIFTY BANK
2020-12-29,31322.5,NIFTY BANK
2020-12-30,31303.05,NIFTY BANK
2020-12-31,31264.05,NIFTY BANK
2021-01-01,31225.85,NIFTY BANK
2021-01-04,31212.45,NIFTY BANK
2021-01-05,31722.25,NIFTY BANK
2021-01-06,31797.9,NIFTY BANK
2021-01-07,31956,NIFTY BANK
2021-01-08,32084.2,NIFTY BANK
2021-01-11,31998.9,NIFTY BANK
2021-01-12,32339,NIFTY BANK
2021-01-13,32574.65,NIFTY BANK
2021-01-14,32519.75,NIFTY BANK
2021-01-15,32246.8,NIFTY BANK
2021-01-18,31811.75,NIFTY BANK
2021-01-19,32424.85,NIFTY BANK
2021-01-20,32543.7,NIFTY BANK
2021-01-21,32186.9,NIFTY BANK
2021-01-22,31167.25,NIFTY BANK
2021-01-25,31198.4,NIFTY BANK
2021-01-27,30284.55,NIFTY BANK
2021-01-28,30358.3,NIFTY BANK
2021-01-29,30565.5,NIFTY BANK
2021-02-01,33089.05,NIFTY BANK
2021-02-02,34267.9,NIFTY BANK
2021-02-03,34758.45,NIFTY BANK
2021-02-04,35344.8,NIFTY BANK
2021-02-05,35654.5,NIFTY BANK
2021-02-08,35983.65,NIFTY BANK
2021-02-09,36056.5,NIFTY BANK
2021-02-10,35783.1,NIFTY BANK
2021-02-11,35752.1,NIFTY BANK
2021-02-12,36108.9,NIFTY BANK
2021-02-15,37306.25,NIFTY BANK
2021-02-16,37098.4,NIFTY BANK
2021-02-17,36910.95,NIFTY BANK
2021-02-18,36587,NIFTY BANK
2021-02-19,35841.6,NIFTY BANK
2021-02-22,35257.2,NIFTY BANK
2021-02-23,35116.95,NIFTY BANK
2021-02-24,36452.3,NIFTY BANK
2021-02-25,36549,NIFTY BANK
2021-02-26,34803.6,NIFTY BANK
2021-03-01,35296,NIFTY BANK
2021-03-02,35419.7,NIFTY BANK
2021-03-03,36368.05,NIFTY BANK
2021-03-04,35802.5,NIFTY BANK
2021-03-05,35228.15,NIFTY BANK
2021-03-08,35275.75,NIFTY BANK
2021-03-09,35865.65,NIFTY BANK
2021-03-10,35938.3,NIFTY BANK
2021-03-12,35496.65,NIFTY BANK
2021-03-15,35182.55,NIFTY BANK
2021-03-16,34804.6,NIFTY BANK
2021-03-17,34229.25,NIFTY BANK
2021-03-18,33856.8,NIFTY BANK
2021-03-19,34161.6,NIFTY BANK
2021-03-22,33603.45,NIFTY BANK
2021-03-23,34184.4,NIFTY BANK
2021-03-24,33293.25,NIFTY BANK
2021-03-25,33006.45,NIFTY BANK
2021-03-26,33318.2,NIFTY BANK
2021-03-30,33875.1,NIFTY BANK
2021-03-31,33303.9,NIFTY BANK
2021-04-01,33858,NIFTY BANK
2021-04-05,32678.85,NIFTY BANK
2021-04-06,32501.35,NIFTY BANK
2021-04-07,32991.2,NIFTY BANK
2021-04-08,32782.85,NIFTY BANK
2021-04-09,32448.05,NIFTY BANK
2021-04-12,30792,NIFTY BANK
2021-04-13,31771.6,NIFTY BANK
2021-04-15,32112.85,NIFTY BANK
2021-04-16,31977.45,NIFTY BANK
2021-04-19,31208.4,NIFTY BANK
2021-04-20,31112.7,NIFTY BANK
2021-04-22,31782.6,NIFTY BANK
2021-04-23,31722.3,NIFTY BANK
2021-04-26,32275.15,NIFTY BANK
2021-04-27,32735.35,NIFTY BANK
2021-04-28,33722.8,NIFTY BANK
2021-04-29,33714.5,NIFTY BANK
2021-04-30,32781.8,NIFTY BANK
2021-05-03,32465.75,NIFTY BANK
2021-05-04,32270.35,NIFTY BANK
2021-05-05,32783.7,NIFTY BANK
2021-05-06,32827.8,NIFTY BANK
2021-05-07,32904.5,NIFTY BANK
2021-05-10,33142.4,NIFTY BANK
2021-05-11,32872.2,NIFTY BANK
2021-05-12,32452.3,NIFTY BANK
2021-05-14,32169.55,NIFTY BANK
2021-05-17,33459.25,NIFTY BANK
2021-05-18,33922.4,NIFTY BANK
2021-05-19,33685.2,NIFTY BANK
2021-05-20,33334.55,NIFTY BANK
2021-05-21,34606.9,NIFTY BANK
2021-05-24,34943.6,NIFTY BANK
2021-05-25,34662,NIFTY BANK
2021-05-26,34684.2,NIFTY BANK
2021-05-27,35095.05,NIFTY BANK
2021-05-28,35141.45,NIFTY BANK
2021-05-31,35526.65,NIFTY BANK
2021-06-01,35337.2,NIFTY BANK
2021-06-02,35373.75,NIFTY BANK
2021-06-03,35649,NIFTY BANK
2021-06-04,35291.65,NIFTY BANK
2021-06-07,35443.65,NIFTY BANK
2021-06-08,35085.3,NIFTY BANK
2021-06-09,34800.5,NIFTY BANK
2021-06-10,35131.2,NIFTY BANK
2021-06-11,35047.4,NIFTY BANK
2021-06-14,34950.6,NIFTY BANK
2021-06-15,35247.75,NIFTY BANK
2021-06-16,35003.5,NIFTY BANK
2021-06-17,34605.4,NIFTY BANK
2021-06-18,34558,NIFTY BANK
2021-06-21,34871.3,NIFTY BANK
2021-06-22,34745,NIFTY BANK
2021-06-23,34574,NIFTY BANK
2021-06-24,34827,NIFTY BANK
2021-06-25,35364.65,NIFTY BANK
2021-06-28,35359.45,NIFTY BANK
2021-06-29,35010.3,NIFTY BANK
2021-06-30,34772.2,NIFTY BANK
2021-07-01,34684,NIFTY BANK
2021-07-02,34809.9,NIFTY BANK
2021-07-05,35212,NIFTY BANK
2021-07-06,35579.15,NIFTY BANK
2021-07-07,35771.3,NIFTY BANK
2021-07-08,35274.1,NIFTY BANK
2021-07-09,35071.95,NIFTY BANK
2021-07-12,35198.9,NIFTY BANK
2021-07-13,35673.4,NIFTY BANK
2021-07-14,35668.25,NIFTY BANK
2021-07-15,35907.65,NIFTY BANK
2021-07-16,35751.8,NIFTY BANK
2021-07-19,35079.2,NIFTY BANK
2021-07-20,34415.45,NIFTY BANK
2021-07-22,34677.3,NIFTY BANK
2021-07-23,35034.4,NIFTY BANK
2021-07-26,34949.7,NIFTY BANK
2021-07-27,34797.45,NIFTY BANK
2021-07-28,34532.9,NIFTY BANK
2021-07-29,34691.5,NIFTY BANK
2021-07-30,34584.35,NIFTY BANK
2021-08-02,34710,NIFTY BANK
2021-08-03,35207.45,NIFTY BANK
2021-08-04,36028.05,NIFTY BANK
2021-08-05,35834.75,NIFTY BANK
2021-08-06,35809.25,NIFTY BANK
2021-08-09,36028.95,NIFTY BANK
2021-08-10,36034.1,NIFTY BANK
2021-08-11,35806.4,NIFTY BANK
2021-08-12,35937.05,NIFTY BANK
2021-08-13,36169.35,NIFTY BANK
2021-08-16,36094.5,NIFTY BANK
2021-08-17,35867.45,NIFTY BANK
2021-08-18,35554.5,NIFTY BANK
2021-08-20,35033.85,NIFTY BANK
2021-08-23,35124.4,NIFTY BANK
2021-08-24,35712.1,NIFTY BANK
2021-08-25,35586.25,NIFTY BANK
2021-08-26,35617.55,NIFTY BANK
2021-08-27,35627.8,NIFTY BANK
2021-08-30,36347.65,NIFTY BANK
2021-08-31,36424.6,NIFTY BANK
2021-09-01,36574.3,NIFTY BANK
2021-09-02,36831.3,NIFTY BANK
2021-09-03,36761.15,NIFTY BANK
2021-09-06,36592.35,NIFTY BANK
2021-09-07,36468.8,NIFTY BANK
2021-09-08,36768.2,NIFTY BANK
2021-09-09,36683.2,NIFTY BANK
2021-09-13,36471.8,NIFTY BANK
2021-09-14,36613.05,NIFTY BANK
2021-09-15,36852.25,NIFTY BANK
2021-09-16,37668.6,NIFTY BANK
2021-09-17,37811.95,NIFTY BANK
2021-09-20,37145.7,NIFTY BANK
2021-09-21,37235.85,NIFTY BANK
2021-09-22,36944.65,NIFTY BANK
2021-09-23,37771.7,NIFTY BANK
2021-09-24,37830.3,NIFTY BANK
2021-09-27,38171.25,NIFTY BANK
2021-09-28,37945,NIFTY BANK
2021-09-29,37743,NIFTY BANK
2021-09-30,37425.1,NIFTY BANK
2021-10-01,37225.9,NIFTY BANK
2021-10-04,37579.65,NIFTY BANK
2021-10-05,37741,NIFTY BANK
2021-10-06,37521.55,NIFTY BANK
2021-10-07,37753.2,NIFTY BANK
2021-10-08,37775.25,NIFTY BANK
2021-10-11,38293.8,NIFTY BANK
2021-10-12,38521.5,NIFTY BANK
2021-10-13,38635.75,NIFTY BANK
2021-10-14,39340.9,NIFTY BANK
2021-10-18,39684.8,NIFTY BANK
2021-10-19,39540.5,NIFTY BANK
2021-10-20,39518.2,NIFTY BANK
2021-10-21,40030.2,NIFTY BANK
2021-10-22,40323.65,NIFTY BANK
2021-10-25,41192.4,NIFTY BANK
2021-10-26,41238.3,NIFTY BANK
2021-10-27,40874.35,NIFTY BANK
2021-10-28,39508.95,NIFTY BANK
2021-10-29,39115.6,NIFTY BANK
2021-11-01,39763.75,NIFTY BANK
2021-11-02,39938.45,NIFTY BANK
2021-11-03,39402.05,NIFTY BANK
2021-11-04,39573.7,NIFTY BANK
2021-11-08,39438.25,NIFTY BANK
2021-11-09,39368.8,NIFTY BANK
2021-11-10,39023.25,NIFTY BANK
2021-11-11,38560.2,NIFTY BANK
2021-11-12,38733.35,NIFTY BANK
2021-11-15,38702.35,NIFTY BANK
2021-11-16,38307.1,NIFTY BANK
2021-11-17,38041.55,NIFTY BANK
2021-11-18,37976.25,NIFTY BANK
2021-11-22,37128.8,NIFTY BANK
2021-11-23,37272.8,NIFTY BANK
2021-11-24,37441.95,NIFTY BANK
2021-11-25,37364.75,NIFTY BANK
2021-11-26,36025.5,NIFTY BANK
2021-11-29,35976.45,NIFTY BANK
2021-11-30,35695.3,NIFTY BANK
2021-12-01,36364.9,NIFTY BANK
2021-12-02,36508.25,NIFTY BANK
2021-12-03,36197.15,NIFTY BANK
2021-12-06,35735.9,NIFTY BANK
2021-12-07,36618.4,NIFTY BANK
2021-12-08,37284.7,NIFTY BANK
2021-12-09,37082.45,NIFTY BANK
2021-12-10,37105.65,NIFTY BANK
2021-12-13,36925.25,NIFTY BANK
2021-12-14,36893.95,NIFTY BANK
2021-12-15,36789.55,NIFTY BANK
2021-12-16,36548.65,NIFTY BANK
2021-12-17,35618.65,NIFTY BANK
2021-12-20,34439.85,NIFTY BANK
2021-12-21,34607.85,NIFTY BANK
2021-12-22,35029.5,NIFTY BANK
2021-12-23,35191.15,NIFTY BANK
2021-12-24,34857.05,NIFTY BANK
2021-12-27,35057.9,NIFTY BANK
2021-12-28,35183.8,NIFTY BANK
2021-12-29,35045.4,NIFTY BANK
2021-12-30,35063.6,NIFTY BANK
2021-12-31,35481.7,NIFTY BANK